audiofile,min.avg_H,min.avg_S,min.avg_T,max.avg_H,max.avg_S,max.avg_T,titi_over_thresh_and_over_howler_spider,PrimateSpecies,CallDistance
HARPIA_20130210_073000.wav,-1.715,-4.01,-2.571,3.005,4.786666667,4.13,1,0,NA
HARPIA_20130222_054500.wav,-3.06,-3.01,-0.74,1.075,5.783333333,4.441,1,0,NA
HARPIA_20160128_074500.wav,-8.8,-6.613333333,-3.263,3.635,8.176666667,5.099,1,0,NA
PUMA_20160212_080000.wav,-9.575,-6.91,-2.709,2.725,8.58,5.623,1,0,NA
HARPIA_20170216_073000.wav,-3.815,-6.926666667,-1.809,2.79,6.593333333,8.185,1,1,2
HARPIA_20130216_060000.wav,-2.025,-4.086666667,-1.218,2.195,7.39,5.624,1,1,3
HARPIA_20130219_060000.wav,-2.035,-3.33,-1.339,1.825,6.88,4.867,1,1,3
HARPIA_20160131_064500.wav,-1.64,-5.146666667,-2.149,3.3,7.38,4.908,1,1,3
HARPIA_20160204_073000.wav,-0.925,-4.93,-2.696,4.055,7.13,4.184,1,1,3
HARPIA_20170215_070000.wav,-2.12,-6.023333333,-2.06,3.405,8.186666667,5.34,1,1,3
HARPIA_20170219_070000.wav,-1.6,-4.12,-1.602,2.68,6.023333333,4.035,1,1,3
PUMA_20140209_071500.wav,-1.96,-4.966666667,-1.92,3.64,7.74,5.811,1,1,3
PUMA_20160212_064500.wav,-1.86,-4.48,-1.54,1.815,4.17,4.715,1,1,3
PUMA_20160212_070000.wav,-2.925,-4.163333333,-1.763,1.415,6.01,4.368,1,1,3
PUMA_20170223_060000.wav,-2.655,-4.82,-1.868,2.735,8.473333333,5.72,1,1,3
PUMA_20170223_061500.wav,-1.43,-4.246666667,-2.584,3.98,8.666666667,4.457,1,1,3
PUMA_20150208_070000.wav,-6.245,-3.723333333,-2.218,3.45,8.796666667,5.217,1,1,4
PUMA_20150212_063000.wav,-3.495,-3.663333333,-2.122,2.54,7.533333333,4.584,1,1,4
HARPIA_20160127_063000.wav,-3.525,-5.096666667,-2.71,6.37,8.626666667,9.453,1,3,2
HARPIA_20150208_071500.wav,-2.14,-4.866666667,-2.291,5.205,7.306666667,6.222,1,3,3
PUMA_20140207_060000.wav,3.43,-2.593333333,-2.346,5.9,3.2,-0.173,0,0,4
HARPIA_20130208_061500.wav,1.42,-2.476666667,-4.303,5.735,4.303333333,0.115,0,0,NA
HARPIA_20130208_063000.wav,-2.77,-4.28,-2.978,3.79,5.673333333,1.588,0,0,NA
HARPIA_20130208_071500.wav,-2.91,-4.483333333,-2.656,3.64,4.903333333,3.139,0,0,NA
HARPIA_20130208_073000.wav,-1.135,-3.963333333,-3.101,4.555,4.733333333,1.578,0,0,NA
HARPIA_20130208_074500.wav,-0.4,-3.49,-2.595,4.22,5.383333333,1.529,0,0,NA
HARPIA_20130209_054500.wav,-0.305,-2.096666667,-3.167,5.96,1.873333333,-0.057,0,0,NA
HARPIA_20130209_060000.wav,-0.465,-2.233333333,-2.818,4.97,1.77,0.075,0,0,NA
HARPIA_20130209_061500.wav,-0.42,-1.826666667,-1.445,1.32,1.786666667,0.037,0,0,NA
HARPIA_20130209_063000.wav,-0.285,-2.006666667,-1.448,1.275,1.933333333,-0.002,0,0,NA
HARPIA_20130209_064500.wav,-0.325,-2.093333333,-2.362,1.665,1.683333333,-0.115,0,0,NA
HARPIA_20130209_070000.wav,-0.07,-2.106666667,-1.733,1.59,1.973333333,-0.095,0,0,NA
HARPIA_20130209_071500.wav,-0.53,-2.063333333,-1.719,1.68,2.223333333,0.014,0,0,NA
HARPIA_20130209_073000.wav,-0.215,-2.083333333,-1.549,1.385,1.733333333,-0.085,0,0,NA
HARPIA_20130209_074500.wav,0.095,-2.27,-1.693,1.54,1.896666667,-0.152,0,0,NA
HARPIA_20130209_080000.wav,-0.11,-2.44,-1.99,1.78,1.83,-0.122,0,0,NA
HARPIA_20130210_060000.wav,2.18,-1.97,-2.753,4.545,2.52,-0.43,0,0,NA
HARPIA_20130210_063000.wav,1.21,-2.383333333,-4.599,5.125,2.68,-1.775,0,0,NA
HARPIA_20130210_064500.wav,-6.405,-3.126666667,-4.514,4.685,7.323333333,2.123,0,0,NA
HARPIA_20130210_070000.wav,0.305,-2.39,-3.111,3.13,3.46,0.021,0,0,NA
HARPIA_20130210_071500.wav,-0.16,-2.423333333,-4.528,3.145,2.916666667,1.118,0,0,NA
HARPIA_20130210_074500.wav,-0.195,-2.793333333,-2.446,2.755,4.58,2.062,0,0,NA
HARPIA_20130210_080000.wav,0.705,-2.17,-4.195,3.15,2.72,-0.025,0,0,NA
HARPIA_20130211_054500.wav,-0.905,-1.96,-0.988,2.135,2.04,0.926,0,0,NA
HARPIA_20130211_060000.wav,-0.98,-2.02,-1.388,2.87,2.06,0.937,0,0,NA
HARPIA_20130211_061500.wav,-0.86,-1.93,-1.126,1.135,2.043333333,0.895,0,0,NA
HARPIA_20130211_063000.wav,-1.04,-1.97,-1.046,1.725,2.243333333,0.963,0,0,NA
HARPIA_20130211_064500.wav,-0.99,-1.856666667,-1.185,0.765,2.1,0.989,0,0,NA
HARPIA_20130211_070000.wav,-0.915,-1.966666667,-0.615,1.25,2.113333333,0.942,0,0,NA
HARPIA_20130211_071500.wav,-1.2,-2.09,-1.146,1.125,2.596666667,1.103,0,0,NA
HARPIA_20130211_073000.wav,-0.87,-2.13,-1.498,1.345,2.186666667,0.883,0,0,NA
HARPIA_20130211_074500.wav,-2.735,-2.796666667,-2.517,1.145,3.1,1.174,0,0,NA
HARPIA_20130211_080000.wav,-0.445,-2.286666667,-2.027,1.715,2.55,1.014,0,0,NA
HARPIA_20130212_054500.wav,1.015,-2.71,-1.892,3.375,4.623333333,0.753,0,0,NA
HARPIA_20130212_060000.wav,1.68,-2.073333333,-2.953,4.015,1.77,-0.011,0,0,NA
HARPIA_20130212_061500.wav,-0.36,-2.84,-3.331,3.82,2.816666667,0.43,0,0,NA
HARPIA_20130212_063000.wav,1.265,-2.026666667,-1.815,3.275,3.13,0.368,0,0,NA
HARPIA_20130212_064500.wav,0.59,-2.686666667,-1.719,3.105,2.353333333,0.577,0,0,NA
HARPIA_20130212_070000.wav,0.855,-3.006666667,-2.224,4.245,2.12,0.403,0,0,NA
HARPIA_20130212_071500.wav,-0.1,-2.693333333,-2.625,4.065,2.693333333,0.714,0,0,NA
HARPIA_20130212_073000.wav,-3.19,-4.7,-3.449,3.85,4.95,2.67,0,0,NA
HARPIA_20130212_074500.wav,-1.04,-3.79,-3.744,2.995,4.623333333,0.995,0,0,NA
HARPIA_20130212_080000.wav,-6.46,-5.566666667,-3.369,3.21,6.733333333,2.722,0,0,NA
HARPIA_20130213_054500.wav,-0.255,-2.873333333,-1.831,2.695,3.67,0.937,0,0,NA
HARPIA_20130213_063000.wav,0.59,-2.72,-2.203,3.35,4.653333333,0.831,0,0,NA
HARPIA_20130213_064500.wav,0.355,-2.873333333,-2.702,3.36,4.653333333,0.64,0,0,NA
HARPIA_20130213_070000.wav,0.185,-2.75,-2.562,2.86,4.47,0.779,0,0,NA
HARPIA_20130213_071500.wav,0.075,-2.84,-2.359,3.14,4.356666667,0.699,0,0,NA
HARPIA_20130213_073000.wav,-0.62,-3.306666667,-2.216,2.575,3.84,0.65,0,0,NA
HARPIA_20130213_074500.wav,-0.515,-3.23,-1.858,2.18,3.916666667,0.807,0,0,NA
HARPIA_20130213_080000.wav,-0.625,-2.616666667,-2.253,2.815,3.27,0.48,0,0,NA
HARPIA_20130214_063000.wav,0.8,-2.336666667,-2.67,3.42,2.51,0.046,0,0,NA
HARPIA_20130214_071500.wav,0.225,-2.693333333,-2.391,3.13,3.776666667,0.46,0,0,NA
HARPIA_20130214_074500.wav,0.47,-2.783333333,-2.152,2.93,4.54,0.25,0,0,NA
HARPIA_20130214_080000.wav,-0.445,-3.816666667,-2.414,3.81,6.92,1.041,0,0,NA
HARPIA_20130215_063000.wav,0.005,-2.543333333,-3.049,3.91,3.28,0.8,0,0,NA
HARPIA_20130215_070000.wav,-1.74,-2.356666667,-1.86,4.075,1.863333333,1.125,0,0,NA
HARPIA_20130215_071500.wav,-1.39,-1.953333333,-0.365,0.22,1.9,1.095,0,0,NA
HARPIA_20130215_073000.wav,-1.27,-2.003333333,-1.246,2.41,2.093333333,1.057,0,0,NA
HARPIA_20130215_074500.wav,-1.355,-2.223333333,-0.788,0.725,2.293333333,1.246,0,0,NA
HARPIA_20130216_054500.wav,-0.805,-2.06,-0.885,0.935,1.963333333,0.822,0,0,NA
HARPIA_20130216_061500.wav,0,-2.28,-1.279,1.77,2.223333333,0.582,0,0,NA
HARPIA_20130216_063000.wav,-0.835,-2.12,-1.282,2.405,2.326666667,0.687,0,0,NA
HARPIA_20130216_064500.wav,-2.36,-2.06,-0.909,1.44,1.96,1.35,0,0,NA
HARPIA_20130216_070000.wav,-1.43,-1.71,-0.364,0.025,1.97,1.077,0,0,NA
HARPIA_20130216_071500.wav,-1.365,-1.73,-0.347,0.005,2.13,1.08,0,0,NA
HARPIA_20130216_073000.wav,-1.51,-1.793333333,-0.357,-0.03,1.926666667,1.07,0,0,NA
HARPIA_20130216_074500.wav,-1.325,-1.74,-0.494,0.295,2.136666667,0.988,0,0,NA
HARPIA_20130216_080000.wav,-1.395,-1.723333333,-0.312,0.065,1.873333333,1.022,0,0,NA
HARPIA_20130217_054500.wav,-0.235,-2.186666667,-1.141,1.885,2.19,0.662,0,0,NA
HARPIA_20130217_060000.wav,-0.045,-2.08,-1.468,2.33,1.996666667,0.532,0,0,NA
HARPIA_20130217_061500.wav,0.255,-1.94,-1.611,2.73,3.013333333,0.545,0,0,NA
HARPIA_20130217_063000.wav,0.54,-2.36,-1.585,2.785,2.566666667,0.724,0,0,NA
HARPIA_20130217_064500.wav,0.425,-2.083333333,-1.427,2.71,4.226666667,0.678,0,0,NA
HARPIA_20130217_070000.wav,-0.315,-2.786666667,-1.691,3.09,3.586666667,2.914,0,0,NA
HARPIA_20130217_071500.wav,-0.755,-2.323333333,-1.113,1.945,2.26,1.131,0,0,NA
HARPIA_20130217_073000.wav,-0.63,-2.206666667,-1.108,1.605,2.336666667,0.81,0,0,NA
HARPIA_20130217_074500.wav,-0.635,-2.796666667,-1.709,1.805,3.213333333,0.881,0,0,NA
HARPIA_20130217_080000.wav,-0.84,-3.5,-1.494,2.595,5.66,1.883,0,0,NA
HARPIA_20130218_054500.wav,-1.605,-1.973333333,-0.392,0,2.186666667,1.055,0,0,NA
HARPIA_20130218_060000.wav,-1.39,-1.866666667,-0.468,0.165,2.066666667,0.978,0,0,NA
HARPIA_20130218_061500.wav,-1.305,-1.716666667,-0.537,0.31,1.976666667,0.968,0,0,NA
HARPIA_20130218_063000.wav,-1.235,-1.936666667,-0.553,0.38,1.973333333,0.956,0,0,NA
HARPIA_20130218_064500.wav,-2.165,-2.09,-0.474,-0.045,3.123333333,1.831,0,0,NA
HARPIA_20130218_070000.wav,-3.055,-2.91,-0.984,0.29,3.926666667,2.567,0,0,NA
HARPIA_20130218_071500.wav,-1.555,-2.33,-0.711,0.37,2.733333333,1.234,0,0,NA
HARPIA_20130218_073000.wav,-1.835,-2.703333333,-1.219,0.47,2.606666667,1.567,0,0,NA
HARPIA_20130218_074500.wav,-1.745,-2.38,-0.993,0.81,3.276666667,1.592,0,0,NA
HARPIA_20130218_080000.wav,-0.915,-2.053333333,-0.901,1.225,2.32,1.022,0,0,NA
HARPIA_20130219_054500.wav,-1.16,-2.59,-1.211,1.55,3.173333333,1.478,0,0,NA
HARPIA_20130219_061500.wav,-0.025,-2.066666667,-1.246,2.055,2.25,0.563,0,0,NA
HARPIA_20130219_063000.wav,-0.515,-2.093333333,-1.357,1.715,2.103333333,0.679,0,0,NA
HARPIA_20130219_064500.wav,0.225,-2.276666667,-1.209,2.085,2.21,0.792,0,0,NA
HARPIA_20130219_070000.wav,-0.495,-2.253333333,-0.977,1.3,2.086666667,0.803,0,0,NA
HARPIA_20130219_071500.wav,-1.84,-2.016666667,-0.917,1.305,2.01,1.121,0,0,NA
HARPIA_20130219_073000.wav,-1.4,-1.94,-0.444,0.105,1.993333333,1.029,0,0,NA
HARPIA_20130219_074500.wav,-1.355,-1.92,-0.479,0.125,2.123333333,1.022,0,0,NA
HARPIA_20130219_080000.wav,-1.37,-1.8,-0.372,0.12,1.903333333,0.997,0,0,NA
HARPIA_20130220_054500.wav,-1.695,-1.773333333,-0.398,0.085,1.966666667,1.086,0,0,NA
HARPIA_20130220_060000.wav,-1.46,-1.84,-0.434,0.125,2.016666667,0.992,0,0,NA
HARPIA_20130220_061500.wav,-1.35,-1.936666667,-0.471,0.145,1.98,1.005,0,0,NA
HARPIA_20130220_063000.wav,-1.335,-1.906666667,-0.464,0.155,2.08,1.046,0,0,NA
HARPIA_20130220_064500.wav,-1.33,-1.906666667,-0.495,0.07,2.063333333,0.977,0,0,NA
HARPIA_20130220_070000.wav,-1.46,-2.116666667,-0.6,0.23,2.05,1.078,0,0,NA
HARPIA_20130220_071500.wav,-1.77,-2.146666667,-0.512,0.255,2.006666667,1.091,0,0,NA
HARPIA_20130220_073000.wav,-1.425,-1.996666667,-0.538,0.2,2.033333333,1.016,0,0,NA
HARPIA_20130220_074500.wav,-1.51,-1.996666667,-0.511,0.185,1.98,0.994,0,0,NA
HARPIA_20130220_080000.wav,-1.465,-1.853333333,-0.509,0.305,2.053333333,1.056,0,0,NA
HARPIA_20130221_054500.wav,-1.545,-1.993333333,-0.549,0.155,2.17,1.014,0,0,NA
HARPIA_20130221_060000.wav,-1.465,-2.143333333,-0.678,0.445,2.296666667,1.723,0,0,NA
HARPIA_20130221_061500.wav,-1.72,-2.133333333,-1.909,0.755,2.313333333,0.935,0,0,NA
HARPIA_20130221_063000.wav,-1.27,-1.653333333,-0.403,0.3,1.873333333,1.006,0,0,NA
HARPIA_20130221_064500.wav,-1.36,-1.613333333,-0.422,0.165,1.88,1.021,0,0,NA
HARPIA_20130221_070000.wav,-1.505,-1.75,-0.438,-0.045,2.03,1.052,0,0,NA
HARPIA_20130221_071500.wav,-1.49,-1.846666667,-0.542,0.09,2.073333333,1.033,0,0,NA
HARPIA_20130221_073000.wav,-2.165,-2.31,-0.982,0.52,3.103333333,1.654,0,0,NA
HARPIA_20130221_074500.wav,-1.605,-2.07,-0.614,1.115,2.33,1.045,0,0,NA
HARPIA_20130221_080000.wav,-1.53,-2.56,-0.842,0.335,2.536666667,1.39,0,0,NA
HARPIA_20130222_060000.wav,-1.465,-2.93,-1.496,0.955,5.683333333,1.665,0,0,NA
HARPIA_20130222_061500.wav,-0.74,-2.253333333,-1.226,1.235,2.373333333,0.652,0,0,NA
HARPIA_20130222_063000.wav,-0.785,-2.05,-1.039,1.395,2.183333333,0.859,0,0,NA
HARPIA_20130222_064500.wav,-1.51,-2.013333333,-0.772,0.81,3.08,1.53,0,0,NA
HARPIA_20130222_070000.wav,-1.06,-2.283333333,-0.801,0.885,2.746666667,1.252,0,0,NA
HARPIA_20130222_071500.wav,-1.3,-2.07,-0.846,0.875,2.323333333,1.296,0,0,NA
HARPIA_20130222_073000.wav,-1.38,-2.833333333,-1.736,3.63,2.73,1.483,0,0,NA
HARPIA_20130222_074500.wav,-1.94,-2.033333333,-1.246,0.935,2.98,1.761,0,0,NA
HARPIA_20130222_080000.wav,-3.83,-3.3,-1.71,1.465,5.626666667,2.929,0,0,NA
HARPIA_20130223_054500.wav,-4.485,-1.703333333,0.19,-1.915,3.516666667,2.792,0,0,NA
HARPIA_20130223_060000.wav,-1.68,-2.66,-1.446,3.135,4.343333333,2.052,0,0,NA
HARPIA_20130223_061500.wav,0.055,-2.24,-2.376,4.735,2.376666667,0.556,0,0,NA
HARPIA_20130223_063000.wav,-0.91,-2.11,-1.765,2.255,3.04,0.887,0,0,NA
HARPIA_20130223_064500.wav,-0.785,-2.393333333,-1.374,2.6,2.66,1.63,0,0,NA
HARPIA_20130223_070000.wav,-1.56,-1.766666667,-0.47,0.285,2.07,1.156,0,0,NA
HARPIA_20130223_071500.wav,-2.26,-1.98,-0.629,0.515,3.033333333,1.328,0,0,NA
HARPIA_20130223_073000.wav,-1.54,-2.023333333,-0.454,0.035,2.063333333,1.101,0,0,NA
HARPIA_20130223_074500.wav,-1.45,-2.16,-0.535,0.25,2.133333333,1.15,0,0,NA
HARPIA_20130223_080000.wav,-1.46,-1.96,-0.589,0.41,3.046666667,1.287,0,0,NA
HARPIA_20130224_054500.wav,-1.62,-1.913333333,-0.381,-0.055,1.97,1.153,0,0,NA
HARPIA_20130224_060000.wav,-1.625,-1.84,-0.4,-0.22,1.943333333,1.035,0,0,NA
HARPIA_20130224_061500.wav,-1.58,-1.9,-0.421,-0.21,1.973333333,1.08,0,0,NA
HARPIA_20130224_063000.wav,-1.465,-1.903333333,-0.441,-0.115,2.046666667,1.026,0,0,NA
HARPIA_20130224_064500.wav,-1.735,-2.166666667,-0.53,-0.045,2.2,1.118,0,0,NA
HARPIA_20130224_070000.wav,-1.53,-1.95,-0.579,0.61,2.033333333,1.016,0,0,NA
HARPIA_20130224_071500.wav,-1.445,-2.013333333,-0.575,0.245,2.063333333,1.045,0,0,NA
HARPIA_20130224_073000.wav,-1.475,-2.04,-0.886,1.095,2.5,1.048,0,0,NA
HARPIA_20130224_074500.wav,-1.495,-2.03,-1.029,1.61,2.21,0.903,0,0,NA
HARPIA_20130224_080000.wav,-3.41,-3.186666667,-1.212,0.935,3.17,2.236,0,0,NA
HARPIA_20130225_054500.wav,-0.34,-2.9,-2.226,3.04,3.973333333,1.353,0,0,NA
HARPIA_20130225_060000.wav,0.46,-3.966666667,-4.478,7.2,5.413333333,1.539,0,0,NA
HARPIA_20130225_063000.wav,-0.91,-2.283333333,-1.36,1.355,2.983333333,1.004,0,0,NA
HARPIA_20130225_064500.wav,-0.86,-2.916666667,-1.666,2.52,4.08,1.261,0,0,NA
HARPIA_20130225_070000.wav,-1.515,-3.44,-1.733,2.52,4.966666667,2.546,0,0,NA
HARPIA_20130225_071500.wav,-0.995,-2.196666667,-2.078,3.045,3.226666667,0.961,0,0,NA
HARPIA_20130225_073000.wav,-5.52,-4.483333333,-3.069,3.19,6.486666667,2.618,0,0,NA
HARPIA_20130225_074500.wav,-1.02,-2.56,-2.095,3.225,5.4,1.544,0,0,NA
HARPIA_20130225_080000.wav,-3.515,-4.836666667,-2.624,3.04,7.656666667,3.528,0,0,NA
HARPIA_20130226_054500.wav,-1.33,-2.926666667,-1.156,0.875,3.283333333,1.429,0,0,NA
HARPIA_20130226_060000.wav,-0.73,-2.62,-2.603,2.29,3.446666667,0.873,0,0,NA
HARPIA_20130226_061500.wav,-0.955,-2.343333333,-2.118,1.89,3.113333333,0.899,0,0,NA
HARPIA_20130226_063000.wav,-0.54,-2.58,-1.678,2.165,3.203333333,1.646,0,0,NA
HARPIA_20130226_064500.wav,-3.315,-3.11,-1.515,1.675,4.576666667,1.966,0,0,NA
HARPIA_20130226_070000.wav,-2.085,-2.503333333,-1.22,1.225,4.57,1.57,0,0,NA
HARPIA_20130226_071500.wav,-1.515,-2.416666667,-1.608,2.36,3.663333333,1.204,0,0,NA
HARPIA_20130226_073000.wav,-1.645,-1.836666667,-0.388,-0.155,1.976666667,1.015,0,0,NA
HARPIA_20130226_074500.wav,-1.7,-1.863333333,-0.473,-0.2,2.17,1.027,0,0,NA
HARPIA_20130226_080000.wav,-2.17,-2.163333333,-0.594,0.625,2.793333333,1.189,0,0,NA
HARPIA_20130227_054500.wav,-1.795,-1.9,-0.61,0.27,2.236666667,1.284,0,0,NA
HARPIA_20130227_060000.wav,-2.845,-2.136666667,-2.721,1.335,4.573333333,2.179,0,0,NA
HARPIA_20130227_061500.wav,-1.055,-2.15,-2.441,2.405,2.603333333,0.405,0,0,NA
HARPIA_20130227_063000.wav,-0.585,-2.47,-1.661,2.14,3.416666667,1.578,0,0,NA
HARPIA_20130227_064500.wav,-0.535,-2.316666667,-1.717,2.05,2.963333333,1.057,0,0,NA
HARPIA_20130227_070000.wav,-1.89,-1.903333333,-0.853,0.285,2.06,0.849,0,0,NA
HARPIA_20130227_071500.wav,-1.795,-2.096666667,-0.932,0.115,2.15,0.822,0,0,NA
HARPIA_20130227_073000.wav,-3.11,-2.493333333,-1.04,0.085,2.43,1.954,0,0,NA
HARPIA_20130227_074500.wav,-1.785,-2.126666667,-1.041,0.49,2.3,0.888,0,0,NA
HARPIA_20130227_080000.wav,-2.99,-2.206666667,-0.943,0.87,2.986666667,1.168,0,0,NA
HARPIA_20140204_054500.wav,0.205,-2.9,-2.118,3.985,3.103333333,0.787,0,0,NA
HARPIA_20140204_064500.wav,0.545,-2.19,-1.515,2.97,2.986666667,0.495,0,0,NA
HARPIA_20140204_070000.wav,0.915,-2.263333333,-1.649,3.285,3.783333333,0.526,0,0,NA
HARPIA_20140204_071500.wav,0.515,-2.776666667,-1.909,4.14,3.363333333,0.752,0,0,NA
HARPIA_20140204_073000.wav,0.945,-2.596666667,-1.926,4.035,3.18,0.368,0,0,NA
HARPIA_20140204_074500.wav,0.665,-2.566666667,-1.818,3.265,3.696666667,0.479,0,0,NA
HARPIA_20140204_080000.wav,1.38,-2.44,-2.072,3.995,2.72,-0.003,0,0,NA
HARPIA_20140205_054500.wav,-2.82,-1.516666667,-0.922,2.01,6.926666667,2.215,0,0,NA
HARPIA_20140205_064500.wav,-0.265,-3,-3.655,7.62,4.083333333,1.615,0,0,NA
HARPIA_20140205_070000.wav,1.01,-2.18,-2.208,5.04,3.203333333,1.028,0,0,NA
HARPIA_20140205_071500.wav,2.245,-2.426666667,-2.658,5.315,2.66,0.108,0,0,NA
HARPIA_20140205_073000.wav,0.53,-2.45,-2.969,4.175,3.29,0.299,0,0,NA
HARPIA_20140205_074500.wav,0.99,-3.366666667,-2.557,4.52,3.48,0.294,0,0,NA
HARPIA_20140205_080000.wav,1.36,-3.743333333,-2.66,5.41,3.3,0.48,0,0,NA
HARPIA_20140206_070000.wav,0.33,-2.94,-3.673,5.25,2.75,1.855,0,0,NA
HARPIA_20140206_074500.wav,-0.875,-2.313333333,-2.073,3.995,2.096666667,1.633,0,0,NA
HARPIA_20140206_080000.wav,-2.11,-2.386666667,-3.093,7.08,1.93,1.711,0,0,NA
HARPIA_20140207_063000.wav,-0.54,-3.893333333,-2.272,4.495,3.14,2.332,0,0,NA
HARPIA_20140207_064500.wav,-0.615,-3.536666667,-2.638,5.225,3.683333333,3.01,0,0,NA
HARPIA_20140207_070000.wav,0.4,-2.853333333,-2.285,4.32,3.63,1.96,0,0,NA
HARPIA_20140207_074500.wav,-0.37,-2.553333333,-2.27,3.72,3.72,0.897,0,0,NA
HARPIA_20140207_080000.wav,-0.405,-2.463333333,-2.091,3.46,2.753333333,0.948,0,0,NA
HARPIA_20140208_054500.wav,-0.58,-3.436666667,-1.212,2.45,2.566666667,3.139,0,0,NA
HARPIA_20140208_061500.wav,-1.28,-1.56,-0.44,0.45,2,0.986,0,0,NA
HARPIA_20140208_063000.wav,-1.315,-1.663333333,-0.363,0.225,1.82,0.97,0,0,NA
HARPIA_20140208_074500.wav,-1.655,-1.663333333,-0.398,0.19,1.956666667,1.121,0,0,NA
HARPIA_20140208_080000.wav,-1.23,-1.763333333,-0.448,0.26,1.93,0.908,0,0,NA
HARPIA_20140210_060000.wav,-1.505,-2.08,-0.242,0.41,2.93,1.687,0,0,NA
HARPIA_20140210_061500.wav,-1.515,-1.766666667,-0.111,0.515,2.093333333,1.429,0,0,NA
HARPIA_20140210_063000.wav,-1.525,-1.71,-0.042,0.005,1.92,1.393,0,0,NA
HARPIA_20140210_064500.wav,-1.5,-1.653333333,-0.037,0.11,1.943333333,1.388,0,0,NA
HARPIA_20140210_070000.wav,-1.275,-1.75,-0.086,0.42,1.87,1.32,0,0,NA
HARPIA_20140210_071500.wav,-1.45,-1.98,-0.302,0.02,2.46,1.584,0,0,NA
HARPIA_20140210_073000.wav,-1.51,-1.973333333,-1.054,0.34,2.183333333,1.34,0,0,NA
HARPIA_20140210_074500.wav,-1.435,-1.856666667,-0.146,0.085,2.103333333,1.369,0,0,NA
HARPIA_20140210_080000.wav,-3.23,-2.253333333,-0.386,0.09,3.14,1.705,0,0,NA
HARPIA_20140211_054500.wav,-1.435,-2.016666667,-0.141,0.21,2.126666667,1.391,0,0,NA
HARPIA_20140211_063000.wav,-2.23,-2.143333333,-0.373,0.465,3.053333333,1.895,0,0,NA
HARPIA_20140211_070000.wav,-1.005,-1.963333333,-0.49,0.925,2.21,1.319,0,0,NA
HARPIA_20140211_071500.wav,-1.03,-2.053333333,-0.505,0.915,2.193333333,1.281,0,0,NA
HARPIA_20140211_073000.wav,-1.075,-2.026666667,-0.539,1.085,2.203333333,1.289,0,0,NA
HARPIA_20140211_074500.wav,-0.815,-1.986666667,-0.598,1.21,2.233333333,1.193,0,0,NA
HARPIA_20140211_080000.wav,-0.85,-2.256666667,-0.821,1.285,2.66,1.326,0,0,NA
HARPIA_20140212_054500.wav,-1.865,-2.916666667,-0.913,1.145,3.416666667,2.024,0,0,NA
HARPIA_20140212_063000.wav,-0.215,-2.053333333,-0.952,3.3,2.05,1.056,0,0,NA
HARPIA_20140212_064500.wav,-0.23,-1.98,-1.092,2.365,2.303333333,1.093,0,0,NA
HARPIA_20140212_070000.wav,-0.58,-2.026666667,-2.024,1.815,2.29,1.155,0,0,NA
HARPIA_20140212_071500.wav,-0.29,-2.22,-1.199,2.915,2.526666667,1.166,0,0,NA
HARPIA_20140212_073000.wav,-0.06,-2.49,-1.115,2.2,2.433333333,1.083,0,0,NA
HARPIA_20140212_074500.wav,0.165,-2.57,-1.227,2.62,2.543333333,1.023,0,0,NA
HARPIA_20140212_080000.wav,-1.315,-5.426666667,-2.389,2.815,5.24,2.445,0,0,NA
HARPIA_20140213_063000.wav,0.69,-2.37,-2.681,4.385,3.546666667,0.751,0,0,NA
HARPIA_20140213_064500.wav,1.05,-2.31,-2.145,4.645,2.723333333,0.771,0,0,NA
HARPIA_20140213_070000.wav,-0.62,-2.676666667,-2.924,4.32,2.996666667,1.099,0,0,NA
HARPIA_20140213_071500.wav,-0.675,-2.966666667,-3.356,3.85,3.29,1.73,0,0,NA
HARPIA_20140213_073000.wav,-0.865,-3.33,-3.762,4.54,3.26,2.275,0,0,NA
HARPIA_20140213_074500.wav,-1.005,-2.656666667,-3.351,4.595,3.77,1.332,0,0,NA
HARPIA_20140213_080000.wav,-0.015,-2.956666667,-2.718,5.94,4.016666667,2.023,0,0,NA
HARPIA_20140214_054500.wav,0.205,-3.196666667,-2.058,3.365,3.506666667,2.112,0,0,NA
HARPIA_20140214_064500.wav,1.88,-2.403333333,-1.934,4.76,5.95,0.876,0,0,NA
HARPIA_20140214_070000.wav,0.84,-2.563333333,-2.339,3.98,2.58,0.418,0,0,NA
HARPIA_20140214_071500.wav,-2.72,-3.473333333,-2.371,3.105,3.976666667,1.915,0,0,NA
HARPIA_20140214_080000.wav,-0.06,-4.59,-2.588,4.575,9.113333333,3.526,0,0,NA
HARPIA_20140215_063000.wav,-0.915,-4.19,-2.264,3.23,5.643333333,2.344,0,0,NA
HARPIA_20140215_064500.wav,0.275,-2.776666667,-1.794,3.16,3.293333333,1.066,0,0,NA
HARPIA_20140215_070000.wav,-0.22,-2.366666667,-2.376,2.835,3.003333333,0.868,0,0,NA
HARPIA_20140215_071500.wav,-1.165,-2.943333333,-1.598,2.5,4.093333333,1.46,0,0,NA
HARPIA_20140215_073000.wav,-0.845,-2.876666667,-2.288,3.22,4.553333333,1.09,0,0,NA
HARPIA_20140215_074500.wav,-2.51,-3.536666667,-2.498,2.76,4.8,2.82,0,0,NA
HARPIA_20140215_080000.wav,-0.715,-2.843333333,-2.673,2.895,3.393333333,0.976,0,0,NA
HARPIA_20140216_063000.wav,1.26,-2.06,-1.775,4.155,2.15,0.242,0,0,NA
HARPIA_20140216_064500.wav,0.82,-2.113333333,-1.611,3.625,2.016666667,0.367,0,0,NA
HARPIA_20140216_070000.wav,0.475,-1.953333333,-1.809,3.04,1.92,0.644,0,0,NA
HARPIA_20140216_071500.wav,0.29,-2.09,-2.507,3.715,1.743333333,0.999,0,0,NA
HARPIA_20140216_073000.wav,-0.61,-2.79,-2.896,3.45,2.256666667,1.812,0,0,NA
HARPIA_20140216_074500.wav,0.345,-2.116666667,-2.236,3.345,2.113333333,1.232,0,0,NA
HARPIA_20140216_080000.wav,0,-2.46,-2.358,3.845,2.33,1.606,0,0,NA
HARPIA_20140217_061500.wav,-0.495,-3.966666667,-2.88,5.855,4.883333333,2.294,0,0,NA
HARPIA_20140217_063000.wav,-1.73,-4.526666667,-2.506,4.3,5.243333333,2.714,0,0,NA
HARPIA_20140217_064500.wav,-0.915,-3.123333333,-1.891,3.455,4.28,1.701,0,0,NA
HARPIA_20140217_070000.wav,-1.28,-3.986666667,-2.105,3.115,5.64,2.956,0,0,NA
HARPIA_20140217_071500.wav,0.65,-2.733333333,-2.041,2.96,2.04,-0.084,0,0,NA
HARPIA_20140217_073000.wav,0.825,-2.793333333,-2.532,4.63,2.153333333,0.016,0,0,NA
HARPIA_20140217_074500.wav,0.84,-2.75,-1.978,3.545,1.823333333,0.128,0,0,NA
HARPIA_20140217_080000.wav,0.665,-2.233333333,-1.827,4.07,2.106666667,0.217,0,0,NA
HARPIA_20150207_063000.wav,0.85,-2.3,-1.914,3.715,3.73,0.83,0,0,NA
HARPIA_20150207_064500.wav,0.43,-2.223333333,-1.789,2.685,3.87,0.604,0,0,NA
HARPIA_20150207_070000.wav,0.735,-2.586666667,-1.709,3.555,4.093333333,0.551,0,0,NA
HARPIA_20150207_071500.wav,-2.195,-3.396666667,-2.098,3.66,5.233333333,2.758,0,0,NA
HARPIA_20150207_073000.wav,0.355,-2.42,-1.956,2.79,3.4,0.766,0,0,NA
HARPIA_20150207_074500.wav,0.4,-3.253333333,-2.111,3.805,4.816666667,0.956,0,0,NA
HARPIA_20150207_080000.wav,0.59,-2.206666667,-1.803,3.87,2.516666667,0.362,0,0,NA
HARPIA_20150208_054500.wav,0.705,-2.62,-1.368,3.405,3.953333333,0.915,0,0,NA
HARPIA_20150208_061500.wav,-0.805,-3.323333333,-2.928,5.185,8.61,3.061,0,0,NA
HARPIA_20150208_064500.wav,-1.495,-3.573333333,-2.09,4.055,7.46,3.709,0,0,NA
HARPIA_20150208_070000.wav,0.725,-2.796666667,-2.099,4.185,5.05,1.117,0,0,NA
HARPIA_20150208_074500.wav,-2.345,-4.246666667,-2.486,5.52,6.063333333,2.199,0,0,NA
HARPIA_20150208_080000.wav,-0.255,-2.74,-2.232,3.72,3.416666667,1.029,0,0,NA
HARPIA_20150209_054500.wav,-0.995,-1.89,-0.503,0.29,1.833333333,0.997,0,0,NA
HARPIA_20150209_060000.wav,-1.08,-1.906666667,-0.61,0.555,2.056666667,0.887,0,0,NA
HARPIA_20150209_061500.wav,-1.035,-1.926666667,-0.712,0.595,2.09,0.87,0,0,NA
HARPIA_20150209_063000.wav,-1.165,-1.676666667,-0.445,0.14,1.78,0.906,0,0,NA
HARPIA_20150209_064500.wav,-1.385,-1.643333333,-0.315,0.08,1.813333333,0.969,0,0,NA
HARPIA_20150209_070000.wav,-1.195,-1.653333333,-0.394,0.225,2.06,0.954,0,0,NA
HARPIA_20150209_071500.wav,-1.245,-1.613333333,-0.301,0.15,1.903333333,0.938,0,0,NA
HARPIA_20150209_073000.wav,-1.205,-1.63,-0.388,0.19,1.8,0.956,0,0,NA
HARPIA_20150209_074500.wav,-1.155,-1.713333333,-0.438,0.225,1.796666667,0.929,0,0,NA
HARPIA_20150209_080000.wav,-1.11,-1.94,-0.536,0.73,2.023333333,0.955,0,0,NA
HARPIA_20150210_054500.wav,0.145,-2.066666667,-1.651,2.93,2.35,0.506,0,0,NA
HARPIA_20150210_060000.wav,0.18,-2.816666667,-2.279,3.78,3.26,0.181,0,0,NA
HARPIA_20150210_061500.wav,0.895,-2.783333333,-2.276,3.825,1.833333333,0.003,0,0,NA
HARPIA_20150210_063000.wav,0.255,-3.4,-2.08,3.215,3.826666667,0.877,0,0,NA
HARPIA_20150210_064500.wav,0.29,-2.433333333,-1.885,2.78,2.36,0.336,0,0,NA
HARPIA_20150210_070000.wav,0.4,-2.74,-2.004,4.17,2.67,0.272,0,0,NA
HARPIA_20150210_071500.wav,0.555,-2.62,-2.093,4.125,3.523333333,0.654,0,0,NA
HARPIA_20150210_073000.wav,0.185,-2.693333333,-2.328,2.99,3.39,0.57,0,0,NA
HARPIA_20150210_074500.wav,0.24,-2.393333333,-2.68,2.855,2.49,0.442,0,0,NA
HARPIA_20150210_080000.wav,0.94,-2.813333333,-2.35,3.67,2.723333333,0.31,0,0,NA
HARPIA_20150211_054500.wav,-1.095,-1.693333333,-1.508,3.04,1.956666667,0.879,0,0,NA
HARPIA_20150211_060000.wav,-0.925,-1.903333333,-0.941,1.78,2.016666667,0.866,0,0,NA
HARPIA_20150211_061500.wav,-0.915,-1.983333333,-0.761,1.155,1.95,0.825,0,0,NA
HARPIA_20150211_063000.wav,-1.18,-1.773333333,-0.573,0.34,1.94,0.844,0,0,NA
HARPIA_20150211_064500.wav,-1.145,-1.776666667,-0.613,0.55,2,0.889,0,0,NA
HARPIA_20150211_070000.wav,-1.095,-1.933333333,-0.667,0.48,2.1,0.907,0,0,NA
HARPIA_20150211_071500.wav,-0.99,-1.813333333,-0.697,0.66,1.97,0.852,0,0,NA
HARPIA_20150211_073000.wav,-0.825,-2.1,-0.756,0.675,1.973333333,0.84,0,0,NA
HARPIA_20150211_074500.wav,-0.79,-1.916666667,-1.295,0.775,1.893333333,0.814,0,0,NA
HARPIA_20150211_080000.wav,-1.28,-3.47,-3.845,7.83,2.813333333,0.809,0,0,NA
HARPIA_20150212_054500.wav,0.295,-2.74,-1.737,2.925,3.476666667,1.034,0,0,NA
HARPIA_20150212_063000.wav,0.435,-4.343333333,-2.345,4.155,4.91,1.448,0,0,NA
HARPIA_20150212_064500.wav,0.245,-2.776666667,-1.518,3.17,3.03,0.936,0,0,NA
HARPIA_20150212_070000.wav,0.265,-2.426666667,-1.636,3.4,2.966666667,0.899,0,0,NA
HARPIA_20150212_071500.wav,-0.43,-3.266666667,-1.799,2.59,3.16,0.795,0,0,NA
HARPIA_20150212_073000.wav,0.425,-2.69,-1.571,2.785,3.553333333,0.974,0,0,NA
HARPIA_20150212_074500.wav,0.205,-2.416666667,-1.681,3.42,3.046666667,0.798,0,0,NA
HARPIA_20150212_080000.wav,0.45,-2.093333333,-1.512,2.485,1.693333333,0.208,0,0,NA
HARPIA_20150213_054500.wav,1.435,-2.19,-1.82,4.93,1.643333333,0.515,0,0,NA
HARPIA_20150213_061500.wav,-2.705,-3.833333333,-3.34,5.22,5.176666667,2.27,0,0,NA
HARPIA_20150213_063000.wav,0.88,-2.1,-2.119,3.94,2.483333333,0.385,0,0,NA
HARPIA_20150213_064500.wav,0.2,-2.996666667,-1.914,3.53,3.783333333,1.083,0,0,NA
HARPIA_20150213_070000.wav,-3.12,-4.543333333,-2.346,3.3,6.583333333,3.182,0,0,NA
HARPIA_20150213_071500.wav,-0.55,-2.703333333,-2.113,3.965,2.35,1.521,0,0,NA
HARPIA_20150213_073000.wav,-5.35,-4.666666667,-1.948,3.58,6.31,3.534,0,0,NA
HARPIA_20150213_074500.wav,0.37,-2.616666667,-2.045,3.83,2.906666667,0.893,0,0,NA
HARPIA_20150213_080000.wav,-0.215,-3.31,-2.725,4.07,3.933333333,0.742,0,0,NA
HARPIA_20150214_054500.wav,0.34,-2.136666667,-1.495,3.43,2.423333333,0.77,0,0,NA
HARPIA_20150214_064500.wav,0.51,-2.446666667,-2.444,3.51,2.753333333,1.28,0,0,NA
HARPIA_20150214_070000.wav,-0.765,-3.24,-2.224,2.94,4.446666667,1.499,0,0,NA
HARPIA_20150214_071500.wav,-0.51,-2.866666667,-2.277,3.9,3.683333333,0.983,0,0,NA
HARPIA_20150214_073000.wav,-3.41,-2.56,-1.275,2.205,1.976666667,1.923,0,0,NA
HARPIA_20150214_074500.wav,-2.29,-1.78,-0.396,0.1,1.963333333,1.689,0,0,NA
HARPIA_20150214_080000.wav,-2.62,-2.14,-0.612,0.415,2.07,2.373,0,0,NA
HARPIA_20150215_054500.wav,-2.02,-2.37,-0.88,0.7,6.273333333,2.103,0,0,NA
HARPIA_20150215_060000.wav,-1.525,-2.17,-1.597,0.855,2.103333333,1.235,0,0,NA
HARPIA_20150215_061500.wav,-1.665,-2.413333333,-1.922,1.105,2.18,1.482,0,0,NA
HARPIA_20150215_063000.wav,-1.01,-1.99,-1.142,1.07,2.35,0.672,0,0,NA
HARPIA_20150215_064500.wav,-1.185,-2.386666667,-1.096,0.805,3.02,1.018,0,0,NA
HARPIA_20150215_070000.wav,-1.345,-3.096666667,-1.827,2.36,4.683333333,1.566,0,0,NA
HARPIA_20150215_071500.wav,-0.635,-2.11,-1.277,1.61,2.14,0.602,0,0,NA
HARPIA_20150215_073000.wav,-0.72,-2.586666667,-1.378,1.65,2.47,0.978,0,0,NA
HARPIA_20150215_074500.wav,-1.015,-2.486666667,-1.472,1.58,3.403333333,1.03,0,0,NA
HARPIA_20150215_080000.wav,-0.89,-3.18,-1.386,1.575,3.526666667,1.116,0,0,NA
HARPIA_20150216_054500.wav,-0.59,-2.533333333,-1.71,3,4.413333333,1.177,0,0,NA
HARPIA_20150216_061500.wav,-1.44,-2.64,-2.633,2.045,2.436666667,1.083,0,0,NA
HARPIA_20150216_063000.wav,-0.39,-2.38,-1.459,1.66,2.946666667,0.854,0,0,NA
HARPIA_20150216_064500.wav,-2.885,-3.386666667,-2.168,1.4,3.086666667,2.826,0,0,NA
HARPIA_20150216_070000.wav,-1.18,-2.48,-1.628,1.805,2.273333333,1.076,0,0,NA
HARPIA_20150216_071500.wav,0.025,-2.12,-1.486,2.005,2.733333333,0.606,0,0,NA
HARPIA_20150216_073000.wav,-3.87,-3.53,-2.236,2.42,5.793333333,1.948,0,0,NA
HARPIA_20150216_074500.wav,-1.11,-2.646666667,-1.987,2.185,3.803333333,1.163,0,0,NA
HARPIA_20150216_080000.wav,0.25,-2.186666667,-2.329,2.25,1.803333333,0.561,0,0,NA
HARPIA_20150217_054500.wav,0.68,-2.786666667,-2.743,5.07,1.92,-0.061,0,0,NA
HARPIA_20150217_064500.wav,0.375,-2.26,-1.692,2.65,4.216666667,0.54,0,0,NA
HARPIA_20150217_070000.wav,-0.345,-2.693333333,-1.841,2.8,5.35,1.456,0,0,NA
HARPIA_20150217_073000.wav,0.11,-2.52,-1.921,3.115,3.363333333,0.369,0,0,NA
HARPIA_20150217_074500.wav,-1.86,-3.38,-1.863,2.65,5.616666667,1.296,0,0,NA
HARPIA_20150217_080000.wav,-0.065,-2.68,-2.106,3.04,3.713333333,0.47,0,0,NA
HARPIA_20150218_054500.wav,2.03,-2.36,-2.104,4.67,1.676666667,-0.383,0,0,NA
HARPIA_20150218_060000.wav,1.04,-3.443333333,-3.051,6.725,3.87,0.504,0,0,NA
HARPIA_20150218_061500.wav,2.18,-2.81,-3.453,7.29,3.95,0.081,0,0,NA
HARPIA_20150218_074500.wav,-0.065,-3.29,-2.752,3.68,7.433333333,1.45,0,0,NA
HARPIA_20150218_080000.wav,-3.795,-4.44,-3.288,5.4,8.873333333,2.416,0,0,NA
HARPIA_20160126_054500.wav,0.815,-2.573333333,-2.555,4.28,2.97,0.727,0,0,NA
HARPIA_20160126_070000.wav,0.75,-2.89,-2.085,4.11,3.83,0.689,0,0,NA
HARPIA_20160126_071500.wav,0.655,-2.68,-2.272,5.04,4.556666667,1.497,0,0,NA
HARPIA_20160126_074500.wav,0.685,-2.546666667,-2.544,4.525,2.71,-0.244,0,0,NA
HARPIA_20160126_080000.wav,0.76,-3.02,-2.693,4.51,3.103333333,0.482,0,0,NA
HARPIA_20160127_070000.wav,0.55,-2.24,-2.24,3.325,2.693333333,0.225,0,0,NA
HARPIA_20160127_074500.wav,1.485,-2.336666667,-2.189,3.595,2.773333333,0.122,0,0,NA
HARPIA_20160127_080000.wav,0.685,-2.936666667,-2.365,3.83,4.57,0.195,0,0,NA
HARPIA_20160128_054500.wav,1.415,-2.143333333,-1.795,4.345,1.653333333,-0.029,0,0,NA
HARPIA_20160128_070000.wav,0.655,-2.27,-2.409,4.555,2.776666667,0.131,0,0,NA
HARPIA_20160128_071500.wav,-1.955,-3.203333333,-2.815,4.385,8.126666667,3.389,0,0,NA
HARPIA_20160128_073000.wav,-1.345,-3.903333333,-3.959,4.395,5.11,1.991,0,0,NA
HARPIA_20160128_080000.wav,-0.97,-2.693333333,-3.235,3.045,4.223333333,1.035,0,0,NA
HARPIA_20160129_064500.wav,1.495,-2.18,-2.244,4.24,3.08,0.218,0,0,NA
HARPIA_20160129_070000.wav,0.19,-2.66,-2.737,4.16,2.816666667,0.27,0,0,NA
HARPIA_20160129_071500.wav,0.535,-2.746666667,-3.182,3.915,2.863333333,0.283,0,0,NA
HARPIA_20160129_073000.wav,0.56,-3.136666667,-3.247,4.035,3.47,0.617,0,0,NA
HARPIA_20160129_074500.wav,0.22,-2.596666667,-2.521,3.18,2.946666667,0.501,0,0,NA
HARPIA_20160129_080000.wav,0.605,-3.16,-3.107,3.71,3.733333333,0.524,0,0,NA
HARPIA_20160130_054500.wav,0.725,-2.863333333,-1.814,4.185,8.003333333,1.66,0,0,NA
HARPIA_20160130_063000.wav,0.56,-2.576666667,-1.913,3.95,2.376666667,1.007,0,0,NA
HARPIA_20160130_070000.wav,-1.205,-2.936666667,-2.905,4.345,3.743333333,1.438,0,0,NA
HARPIA_20160130_071500.wav,-0.305,-4.496666667,-2.442,3.855,4.723333333,2.247,0,0,NA
HARPIA_20160130_073000.wav,1.39,-2.176666667,-1.798,4.155,2.586666667,0.398,0,0,NA
HARPIA_20160130_074500.wav,-0.2,-2.616666667,-1.803,3.3,3.583333333,0.639,0,0,NA
HARPIA_20160130_080000.wav,-0.765,-2.746666667,-1.89,3.17,5.313333333,1.561,0,0,NA
HARPIA_20160131_063000.wav,-0.25,-3.89,-2.632,3.665,4.45,2.214,0,0,NA
HARPIA_20160131_070000.wav,-0.865,-4.516666667,-1.98,3.185,5.793333333,3.045,0,0,NA
HARPIA_20160131_071500.wav,-1.28,-3.32,-1.649,3.385,4.733333333,1.965,0,0,NA
HARPIA_20160131_073000.wav,-0.62,-2.763333333,-1.69,2.84,5.19,2.083,0,0,NA
HARPIA_20160131_080000.wav,-0.94,-3.09,-1.787,2.91,4.823333333,1.22,0,0,NA
HARPIA_20160201_061500.wav,-3.255,-6.006666667,-2.893,4.78,11.73,3.576,0,0,NA
HARPIA_20160201_063000.wav,1.45,-2.213333333,-2.015,4.28,2.916666667,0.724,0,0,NA
HARPIA_20160201_064500.wav,0.145,-3.743333333,-2.759,4.33,3.79,0.594,0,0,NA
HARPIA_20160201_070000.wav,0.19,-3.59,-2.886,4.31,2.81,0.365,0,0,NA
HARPIA_20160201_071500.wav,0.36,-3.266666667,-3.496,4.35,4.133333333,0.75,0,0,NA
HARPIA_20160201_073000.wav,0.91,-3.413333333,-2.757,3.87,2.723333333,0.008,0,0,NA
HARPIA_20160201_074500.wav,-0.555,-2.99,-2.517,3.745,2.883333333,0.239,0,0,NA
HARPIA_20160201_080000.wav,1.19,-2.373333333,-2.412,3.995,2.456666667,-0.126,0,0,NA
HARPIA_20160202_064500.wav,0.82,-1.973333333,-2.241,3.525,2.22,0.443,0,0,NA
HARPIA_20160202_071500.wav,-0.975,-4.35,-2.137,2.86,7.283333333,1.951,0,0,NA
HARPIA_20160202_073000.wav,-1.335,-3.886666667,-2.567,2.77,9.146666667,1.559,0,0,NA
HARPIA_20160202_074500.wav,-1.205,-4.063333333,-2.524,3.11,8.373333333,2.186,0,0,NA
HARPIA_20160202_080000.wav,-0.71,-3.303333333,-2.444,2.88,3.24,0.755,0,0,NA
HARPIA_20160203_063000.wav,1.385,-2.62,-2.953,4.005,2.593333333,0.135,0,0,NA
HARPIA_20160203_064500.wav,0.465,-2.723333333,-2.596,4.03,5.03,0.653,0,0,NA
HARPIA_20160203_074500.wav,-0.345,-3.163333333,-2.498,3.35,4.286666667,0.819,0,0,NA
HARPIA_20160203_080000.wav,-1.905,-3.57,-2.459,2.655,5.07,1.499,0,0,NA
HARPIA_20160204_063000.wav,-1.03,-3.176666667,-2.894,2.935,4.56,0.774,0,0,NA
HARPIA_20160204_064500.wav,-0.11,-2.996666667,-1.986,2.55,4.453333333,1.325,0,0,NA
HARPIA_20160204_070000.wav,-1.44,-3.783333333,-2.049,2.49,4.556666667,0.977,0,0,NA
HARPIA_20160204_071500.wav,-0.155,-2.953333333,-2.431,3.145,2.95,0.346,0,0,NA
HARPIA_20160204_074500.wav,-0.025,-2.426666667,-2.613,2.57,2.246666667,-0.059,0,0,NA
HARPIA_20160204_080000.wav,-2.745,-3.976666667,-3.274,5.805,3.843333333,1.129,0,0,NA
HARPIA_20170212_064500.wav,0.375,-2.726666667,-2.382,3.825,3.116666667,0.473,0,0,NA
HARPIA_20170212_074500.wav,0.31,-3.416666667,-2.717,4.45,4.046666667,0.421,0,0,NA
HARPIA_20170212_080000.wav,-0.4,-2.98,-2.288,4.115,4.03,1.25,0,0,NA
HARPIA_20170213_073000.wav,0.455,-3.106666667,-2.76,4.7,2.96,0.221,0,0,NA
HARPIA_20170213_074500.wav,1.94,-2.25,-2.552,4.765,2.74,0.304,0,0,NA
HARPIA_20170213_080000.wav,1.76,-2.56,-3.721,5.1,2.356666667,-0.426,0,0,NA
HARPIA_20170214_054500.wav,-1.7,-1.74,-0.054,-0.405,1.803333333,1.219,0,0,NA
HARPIA_20170214_060000.wav,-1.665,-1.563333333,-0.082,-0.39,1.68,1.237,0,0,NA
HARPIA_20170214_061500.wav,-1.56,-1.72,-0.167,-0.22,1.736666667,1.171,0,0,NA
HARPIA_20170214_063000.wav,-1.745,-1.856666667,-0.14,-0.27,1.79,1.202,0,0,NA
HARPIA_20170214_064500.wav,-1.755,-1.663333333,-0.051,-0.385,1.716666667,1.195,0,0,NA
HARPIA_20170214_070000.wav,-1.51,-1.733333333,-0.207,-0.2,1.903333333,1.116,0,0,NA
HARPIA_20170214_071500.wav,-1.465,-1.74,-0.264,-0.1,1.84,1.115,0,0,NA
HARPIA_20170214_074500.wav,-1.56,-1.77,-0.335,0.83,1.97,1.103,0,0,NA
HARPIA_20170214_080000.wav,-1.215,-1.903333333,-0.507,0.515,1.96,1.05,0,0,NA
HARPIA_20170215_063000.wav,-0.045,-2.613333333,-1.804,2.975,7.353333333,1.511,0,0,NA
HARPIA_20170215_073000.wav,-3.43,-3.61,-2.157,2.72,4.643333333,2.623,0,0,NA
HARPIA_20170215_074500.wav,-1.705,-3.186666667,-1.877,2.54,4.02,1.647,0,0,NA
HARPIA_20170215_080000.wav,0.94,-2.123333333,-1.533,2.64,1.923333333,0.1,0,0,NA
HARPIA_20170216_054500.wav,-0.73,-2.186666667,-0.884,1.025,1.98,0.969,0,0,NA
HARPIA_20170216_064500.wav,-1.315,-2.966666667,-1.697,3.345,5.406666667,2.623,0,0,NA
HARPIA_20170216_070000.wav,-2.33,-3.393333333,-1.73,2.31,4.14,2.281,0,0,NA
HARPIA_20170216_071500.wav,-2.38,-3.406666667,-1.752,2.37,4.833333333,2.724,0,0,NA
HARPIA_20170216_074500.wav,-1.5,-3.486666667,-1.748,2.375,3.563333333,2.311,0,0,NA
HARPIA_20170217_054500.wav,0.71,-1.87,-1.203,2.525,1.796666667,0.319,0,0,NA
HARPIA_20170217_063000.wav,1.31,-2.72,-1.875,3.485,3.363333333,0.11,0,0,NA
HARPIA_20170217_064500.wav,1.03,-2.13,-1.849,4.07,2.143333333,0.226,0,0,NA
HARPIA_20170217_073000.wav,-2.515,-1.74,-1.073,1.89,2.026666667,1.455,0,0,NA
HARPIA_20170218_054500.wav,-1.365,-2.343333333,-0.752,0.64,3.373333333,1.383,0,0,NA
HARPIA_20170218_063000.wav,-1.01,-2.14,-0.745,0.77,2.166666667,0.818,0,0,NA
HARPIA_20170218_064500.wav,-1.07,-1.986666667,-0.88,0.795,2.363333333,0.928,0,0,NA
HARPIA_20170218_070000.wav,-1.3,-2.25,-0.968,1.175,2.073333333,1.05,0,0,NA
HARPIA_20170218_071500.wav,-0.835,-2.156666667,-0.922,0.84,2.443333333,0.995,0,0,NA
HARPIA_20170218_073000.wav,-1.615,-5.613333333,-2.681,2.115,6.476666667,2.587,0,0,NA
HARPIA_20170218_074500.wav,-1.485,-2.866666667,-1.924,1.98,4.926666667,1.676,0,0,NA
HARPIA_20170218_080000.wav,-0.665,-2.47,-1.466,1.98,2.79,1.25,0,0,NA
HARPIA_20170219_063000.wav,-0.535,-3.576666667,-2.071,3.355,5.53,2.394,0,0,NA
HARPIA_20170219_064500.wav,-0.46,-2.61,-1.507,2.3,3.993333333,1.137,0,0,NA
HARPIA_20170219_073000.wav,-0.135,-2.85,-1.694,2.665,3.75,0.917,0,0,NA
HARPIA_20170219_074500.wav,-0.045,-3.006666667,-2.03,3.53,4.97,1.248,0,0,NA
HARPIA_20170219_080000.wav,-1.05,-3.61,-2.213,3.1,4.916666667,1.674,0,0,NA
HARPIA_20170220_063000.wav,0.635,-2.336666667,-1.418,3.125,2.273333333,0.789,0,0,NA
HARPIA_20170220_064500.wav,0.635,-2.136666667,-1.394,2.865,2.596666667,0.518,0,0,NA
HARPIA_20170220_070000.wav,0.2,-2.64,-1.687,3.62,3.193333333,0.662,0,0,NA
HARPIA_20170220_071500.wav,-3.31,-3.573333333,-2.012,2.85,4.326666667,1.834,0,0,NA
HARPIA_20170220_073000.wav,-3.81,-4.643333333,-2.52,3.52,7.746666667,3.598,0,0,NA
HARPIA_20170220_074500.wav,-0.16,-3.92,-4.147,8.58,4.18,0.891,0,0,NA
HARPIA_20170221_063000.wav,-2.415,-3.606666667,-2.638,3.675,4.66,1.907,0,0,NA
HARPIA_20170221_064500.wav,-0.47,-3.346666667,-1.927,3.665,4.323333333,1.341,0,0,NA
HARPIA_20170221_070000.wav,0.62,-3.01,-2.128,3.595,4.26,0.957,0,0,NA
HARPIA_20170221_071500.wav,0.57,-2.813333333,-2.365,3.53,4.033333333,1.225,0,0,NA
HARPIA_20170221_073000.wav,0.57,-2.473333333,-2.233,3.995,3.126666667,1.002,0,0,NA
HARPIA_20170221_074500.wav,-1.04,-3.313333333,-2.356,2.73,4.753333333,1.204,0,0,NA
HARPIA_20170221_080000.wav,-0.395,-2.813333333,-1.835,2.205,2.636666667,0.471,0,0,NA
HARPIA_20170222_054500.wav,-2.15,-1.85,-0.532,0.215,3.223333333,1.867,0,0,NA
HARPIA_20170222_060000.wav,-1.5,-1.796666667,-0.962,1.4,2.04,0.9,0,0,NA
HARPIA_20170222_063000.wav,-2.165,-1.63,-0.363,-0.325,1.706666667,1.098,0,0,NA
HARPIA_20170222_064500.wav,-1.945,-1.756666667,-0.63,0.155,1.763333333,1.069,0,0,NA
HARPIA_20170222_070000.wav,-2.34,-2.22,-0.993,-0.235,2.266666667,1.818,0,0,NA
HARPIA_20170222_071500.wav,-1.65,-1.74,-0.472,-0.13,1.68,0.909,0,0,NA
HARPIA_20170222_073000.wav,-3.01,-2.033333333,-0.749,-0.21,2.78,2.295,0,0,NA
HARPIA_20170222_074500.wav,-1.64,-2.033333333,-0.632,0.1,2.246666667,1.261,0,0,NA
HARPIA_20170222_080000.wav,-1.53,-1.876666667,-0.59,-0.05,1.796666667,0.819,0,0,NA
HARPIA_20170223_061500.wav,0.26,-2.006666667,-2.163,3.35,2.303333333,0.142,0,0,NA
HARPIA_20170223_063000.wav,0.29,-2.153333333,-2.067,2.66,2.373333333,0.324,0,0,NA
HARPIA_20170223_064500.wav,-0.025,-2.18,-1.517,2.41,2.103333333,0.602,0,0,NA
HARPIA_20170223_070000.wav,-0.99,-2.203333333,-1.855,1.94,2.866666667,0.892,0,0,NA
HARPIA_20170223_071500.wav,-0.215,-2.833333333,-2.121,2.025,2.8,0.719,0,0,NA
HARPIA_20170223_073000.wav,0.215,-2.42,-1.706,2,2.68,0.441,0,0,NA
HARPIA_20170223_080000.wav,-1.02,-2.916666667,-1.587,2.725,4.776666667,2.813,0,0,NA
HARPIA_20170224_063000.wav,-1.745,-3.113333333,-1.79,2.835,3.64,1.33,0,0,NA
HARPIA_20170224_064500.wav,0.635,-2,-2.032,3.355,2.256666667,0.244,0,0,NA
HARPIA_20170224_070000.wav,0.555,-2.136666667,-1.486,2.5,2.056666667,0.424,0,0,NA
HARPIA_20170224_071500.wav,-0.125,-2.663333333,-1.933,2.715,3.803333333,1.332,0,0,NA
HARPIA_20170224_073000.wav,-0.11,-2.466666667,-1.697,2.47,3.166666667,1.212,0,0,NA
HARPIA_20170224_074500.wav,-0.63,-3.02,-2.232,2.92,3.043333333,1.215,0,0,NA
HARPIA_20170224_080000.wav,-3.755,-4.78,-2.617,3.2,6.93,2.421,0,0,NA
PUMA_20130301_054500.wav,-1.71,-2.72,-0.81,0.64,4.903333333,1.874,0,0,NA
PUMA_20130301_060000.wav,-1.13,-1.773333333,-0.592,0.335,1.946666667,0.823,0,0,NA
PUMA_20130301_061500.wav,-1.135,-1.686666667,-0.487,0.105,1.71,0.797,0,0,NA
PUMA_20130301_063000.wav,-1.365,-1.65,-0.329,-0.065,1.756666667,0.917,0,0,NA
PUMA_20130301_064500.wav,-1.345,-1.726666667,-0.418,0.075,1.873333333,0.908,0,0,NA
PUMA_20130301_070000.wav,-1.165,-1.823333333,-0.541,0.185,1.783333333,0.869,0,0,NA
PUMA_20130301_071500.wav,-1.81,-9.28,-4.829,4.99,8.173333333,3.608,0,0,NA
PUMA_20130301_073000.wav,0.445,-2.743333333,-2.127,3.45,4.91,1.859,0,0,NA
PUMA_20130301_074500.wav,0.69,-2.673333333,-1.925,3.325,3.076666667,0.711,0,0,NA
PUMA_20130301_080000.wav,-0.95,-1.793333333,-0.517,0.645,1.6,0.707,0,0,NA
PUMA_20130302_054500.wav,0.39,-2.746666667,-2.769,6.61,2.03,0.51,0,0,NA
PUMA_20130302_063000.wav,0.155,-5.1,-3.292,4.255,6.656666667,2.264,0,0,NA
PUMA_20130302_070000.wav,0.4,-2.423333333,-1.609,3.12,1.806666667,0.811,0,0,NA
PUMA_20130302_074500.wav,0.605,-2.116666667,-1.419,2.54,1.68,0.14,0,0,NA
PUMA_20130303_054500.wav,-1.32,-11.28,-5.93,6.755,10.42,4.011,0,0,NA
PUMA_20130303_063000.wav,-0.3,-6.336666667,-4.093,4.855,8.753333333,3.567,0,0,NA
PUMA_20130303_070000.wav,0.57,-3.66,-2.601,4.01,5.726666667,1.896,0,0,NA
PUMA_20130303_071500.wav,-0.38,-8.01,-4.243,4.805,7.173333333,2.7,0,0,NA
PUMA_20130303_080000.wav,0.745,-1.84,-1.298,2.295,1.446666667,0.19,0,0,NA
PUMA_20130304_054500.wav,0.555,-1.783333333,-0.996,1.85,1.486666667,0.187,0,0,NA
PUMA_20130304_060000.wav,0.62,-1.846666667,-0.976,1.915,1.483333333,0.207,0,0,NA
PUMA_20130304_061500.wav,0.605,-1.693333333,-0.982,1.84,1.393333333,0.17,0,0,NA
PUMA_20130304_063000.wav,0.545,-1.88,-0.958,1.82,1.473333333,0.224,0,0,NA
PUMA_20130304_064500.wav,0.615,-1.69,-0.967,1.835,1.446666667,0.216,0,0,NA
PUMA_20130304_070000.wav,0.575,-1.723333333,-0.975,1.77,1.476666667,0.208,0,0,NA
PUMA_20130304_080000.wav,0.595,-2.06,-0.954,1.785,1.423333333,0.218,0,0,NA
PUMA_20130305_054500.wav,0.55,-1.796666667,-0.957,1.845,1.466666667,0.243,0,0,NA
PUMA_20130305_060000.wav,0.585,-1.88,-0.976,1.855,1.656666667,0.229,0,0,NA
PUMA_20130305_061500.wav,0.485,-1.796666667,-0.973,1.86,1.546666667,0.216,0,0,NA
PUMA_20130305_063000.wav,0.53,-1.696666667,-0.993,1.825,1.546666667,0.195,0,0,NA
PUMA_20130305_064500.wav,0.61,-1.883333333,-0.961,1.8,1.476666667,0.181,0,0,NA
PUMA_20130305_070000.wav,0.635,-1.926666667,-0.963,1.755,1.296666667,0.205,0,0,NA
PUMA_20130305_071500.wav,0.625,-1.86,-0.972,1.795,1.52,0.227,0,0,NA
PUMA_20130305_080000.wav,0.625,-1.656666667,-0.936,1.89,1.5,0.205,0,0,NA
PUMA_20140205_054500.wav,-1.8,-1.563333333,-0.2,0.825,2.156666667,1.672,0,0,NA
PUMA_20140205_070000.wav,-0.565,-3.946666667,-1.767,4.915,6.966666667,2.272,0,0,NA
PUMA_20140206_061500.wav,0.765,-3.993333333,-2.755,7.185,7.783333333,1.908,0,0,NA
PUMA_20140206_063000.wav,-0.215,-4.856666667,-2.761,6.705,5.886666667,3.234,0,0,NA
PUMA_20140206_064500.wav,0.06,-4.863333333,-2.182,5.685,7.906666667,4.779,0,0,NA
PUMA_20140206_070000.wav,1.015,-4.516666667,-2.143,5.635,8.29,2.646,0,0,NA
PUMA_20140206_073000.wav,2.29,-3.98,-2.588,6.38,5.416666667,0.838,0,0,NA
PUMA_20140206_074500.wav,1.685,-3.476666667,-2.65,7.33,5.906666667,1.565,0,0,NA
PUMA_20140206_080000.wav,0.15,-4.143333333,-4.146,9.15,5.25,1.47,0,0,NA
PUMA_20140207_054500.wav,1.2,-2.496666667,-1.688,3.555,2.58,0.404,0,0,NA
PUMA_20140207_070000.wav,-3.57,-4.673333333,-2.776,4.365,10.46666667,4.573,0,0,NA
PUMA_20140207_073000.wav,-0.095,-4.13,-2.06,4.45,8.023333333,2.112,0,0,NA
PUMA_20140208_054500.wav,-1.735,-3.136666667,-1.739,2.835,4.24,1.128,0,0,NA
PUMA_20140208_060000.wav,-1.49,-2.34,-1.549,2.745,1.916666667,0.659,0,0,NA
PUMA_20140208_061500.wav,-1.505,-1.703333333,-0.248,0.065,1.76,1.011,0,0,NA
PUMA_20140208_063000.wav,-1.305,-1.576666667,-0.306,0.07,1.783333333,0.962,0,0,NA
PUMA_20140208_064500.wav,-1.215,-1.693333333,-0.316,0.12,1.77,0.931,0,0,NA
PUMA_20140208_070000.wav,-1.31,-1.89,-0.386,0.105,1.74,0.993,0,0,NA
PUMA_20140208_071500.wav,-1.33,-2.026666667,-0.437,0.21,2.03,1.077,0,0,NA
PUMA_20140208_073000.wav,-1.645,-2.093333333,-0.614,0.68,1.903333333,1.072,0,0,NA
PUMA_20140208_074500.wav,-1.315,-1.833333333,-0.441,0.03,1.716666667,1.027,0,0,NA
PUMA_20140208_080000.wav,-1.325,-1.73,-0.384,0.095,1.923333333,1.003,0,0,NA
PUMA_20140209_054500.wav,-0.225,-2.316666667,-2.324,4.125,2.696666667,0.752,0,0,NA
PUMA_20140209_060000.wav,-0.47,-2.996666667,-1.571,3.065,2.513333333,1.206,0,0,NA
PUMA_20140209_063000.wav,0.265,-2.353333333,-2.537,2.645,2.833333333,0.375,0,0,NA
PUMA_20140209_064500.wav,-0.34,-2.663333333,-1.996,2.425,2.3,0.97,0,0,NA
PUMA_20140209_073000.wav,-0.365,-3.156666667,-1.736,2.695,4.253333333,0.922,0,0,NA
PUMA_20140209_074500.wav,0.005,-2.716666667,-1.475,2.5,2.18,0.57,0,0,NA
PUMA_20140209_080000.wav,-1.08,-1.74,-0.525,0.765,1.78,0.893,0,0,NA
PUMA_20140210_054500.wav,-1.33,-1.843333333,-0.432,0.34,2.04,1.171,0,0,NA
PUMA_20140210_060000.wav,-2.605,-3.083333333,-1.019,0.37,2.126666667,1.517,0,0,NA
PUMA_20140210_061500.wav,-1.605,-2.326666667,-0.603,0.43,2.963333333,1.5,0,0,NA
PUMA_20140210_063000.wav,-1.2,-1.846666667,-0.59,0.365,2.116666667,0.972,0,0,NA
PUMA_20140210_064500.wav,-1.25,-2,-0.56,0.41,1.963333333,1.028,0,0,NA
PUMA_20140210_070000.wav,-1.235,-1.98,-0.603,0.645,1.92,0.967,0,0,NA
PUMA_20140210_071500.wav,-1.25,-2.13,-0.616,0.29,2.01,1.055,0,0,NA
PUMA_20140210_073000.wav,-2.31,-2.12,-0.582,0.395,1.986666667,1.376,0,0,NA
PUMA_20140210_074500.wav,-1.255,-3.133333333,-2.103,3.795,3.25,1.449,0,0,NA
PUMA_20140210_080000.wav,-1.185,-2.06,-1.139,0.495,2.126666667,0.957,0,0,NA
PUMA_20140211_054500.wav,-1.245,-2.17,-0.816,0.64,2.023333333,1.016,0,0,NA
PUMA_20140211_060000.wav,-0.53,-2.35,-1.373,2.82,2.646666667,1.089,0,0,NA
PUMA_20140211_063000.wav,-0.88,-1.963333333,-1.364,2.28,2.16,0.953,0,0,NA
PUMA_20140211_064500.wav,-0.765,-2.056666667,-0.954,1.145,2.006666667,0.729,0,0,NA
PUMA_20140211_070000.wav,-0.775,-2.81,-1.426,1.58,2.346666667,0.865,0,0,NA
PUMA_20140211_071500.wav,-0.645,-2.146666667,-1.043,1.01,2.11,0.706,0,0,NA
PUMA_20140211_073000.wav,-1,-2.266666667,-0.961,1.205,2.423333333,1.009,0,0,NA
PUMA_20140211_074500.wav,-1.14,-2.966666667,-1.36,1.82,3.643333333,1.623,0,0,NA
PUMA_20140211_080000.wav,-0.815,-2.803333333,-1.304,1.44,2.666666667,1.246,0,0,NA
PUMA_20140212_054500.wav,-0.975,-2.22,-1.336,1.89,1.96,0.802,0,0,NA
PUMA_20140212_060000.wav,-1.025,-2.816666667,-1.495,1.35,3.243333333,1.326,0,0,NA
PUMA_20140212_061500.wav,-1.51,-3.206666667,-1.528,0.965,3.85,1.848,0,0,NA
PUMA_20140212_063000.wav,-1.045,-1.973333333,-0.944,0.84,2.3,0.953,0,0,NA
PUMA_20140212_064500.wav,-0.825,-2.07,-0.88,0.93,2.006666667,0.793,0,0,NA
PUMA_20140212_070000.wav,-0.82,-2.073333333,-0.892,1.18,2.4,0.805,0,0,NA
PUMA_20140212_071500.wav,-0.585,-2.01,-0.994,1.085,2.09,0.706,0,0,NA
PUMA_20140212_073000.wav,-0.35,-2.33,-1.25,1.525,2.253333333,0.64,0,0,NA
PUMA_20140212_074500.wav,0.035,-2.226666667,-1.469,2.06,1.996666667,0.445,0,0,NA
PUMA_20140212_080000.wav,0.11,-2.276666667,-1.224,1.8,1.993333333,0.501,0,0,NA
PUMA_20140213_054500.wav,1.065,-2.07,-1.681,3.76,1.616666667,0.198,0,0,NA
PUMA_20140213_063000.wav,1.12,-1.746666667,-1.743,2.825,2.116666667,0.006,0,0,NA
PUMA_20140213_064500.wav,1.25,-1.813333333,-1.52,2.855,1.433333333,0.042,0,0,NA
PUMA_20140213_070000.wav,1.2,-1.976666667,-1.317,3.045,1.503333333,0.017,0,0,NA
PUMA_20140213_071500.wav,1.12,-1.87,-1.339,2.75,1.62,0.285,0,0,NA
PUMA_20140213_073000.wav,1.065,-2.1,-1.201,2.715,1.943333333,0.318,0,0,NA
PUMA_20140213_074500.wav,0.665,-2.066666667,-1.464,2.665,1.913333333,0.263,0,0,NA
PUMA_20140213_080000.wav,1.095,-2.076666667,-1.622,3.065,1.506666667,0.015,0,0,NA
PUMA_20140214_061500.wav,1.74,-2.016666667,-3.063,5.23,1.453333333,-0.012,0,0,NA
PUMA_20140214_063000.wav,1.945,-1.976666667,-1.916,4.005,1.533333333,-0.18,0,0,NA
PUMA_20140214_064500.wav,1.965,-2.02,-1.992,4.82,1.93,0.038,0,0,NA
PUMA_20140214_070000.wav,1.55,-2.276666667,-1.683,4.455,1.99,0.079,0,0,NA
PUMA_20140214_073000.wav,1.33,-2.016666667,-1.752,3.7,1.61,0.022,0,0,NA
PUMA_20140214_074500.wav,1.235,-2.033333333,-1.34,3.125,2.6,0.453,0,0,NA
PUMA_20140214_080000.wav,1.08,-2.443333333,-2.068,3.32,2.983333333,0.308,0,0,NA
PUMA_20150208_061500.wav,-1.53,-2.766666667,-2.651,3.515,3.48,1.1,0,0,NA
PUMA_20150209_054500.wav,-1.505,-1.576666667,-0.209,-0.335,1.85,1.03,0,0,NA
PUMA_20150209_060000.wav,-1.48,-1.64,-0.319,-0.005,1.75,1.005,0,0,NA
PUMA_20150209_061500.wav,-1.39,-1.873333333,-0.382,0.035,1.923333333,0.998,0,0,NA
PUMA_20150209_063000.wav,-1.725,-1.463333333,-0.208,-0.245,1.873333333,1.134,0,0,NA
PUMA_20150209_064500.wav,-1.69,-1.51,-0.187,-0.34,1.713333333,1.131,0,0,NA
PUMA_20150209_070000.wav,-1.695,-1.56,-0.196,-0.43,1.896666667,1.039,0,0,NA
PUMA_20150209_071500.wav,-1.75,-1.713333333,-0.179,-0.43,1.903333333,1.098,0,0,NA
PUMA_20150209_073000.wav,-1.695,-1.493333333,-0.207,-0.345,1.676666667,1.076,0,0,NA
PUMA_20150209_074500.wav,-1.68,-1.753333333,-0.216,-0.34,1.713333333,1.089,0,0,NA
PUMA_20150209_080000.wav,-1.65,-1.593333333,-0.255,-0.23,1.92,1.092,0,0,NA
PUMA_20150210_054500.wav,0.87,-3.593333333,-2.565,4.175,4.12,1.084,0,0,NA
PUMA_20150210_061500.wav,-1.92,-1.483333333,-0.098,-0.495,1.766666667,1.157,0,0,NA
PUMA_20150210_063000.wav,-1.37,-1.75,-0.356,0.425,2.35,1.098,0,0,NA
PUMA_20150210_064500.wav,-1.24,-1.963333333,-1.692,0.685,2.203333333,0.901,0,0,NA
PUMA_20150210_070000.wav,-1.185,-1.953333333,-1.294,0.68,2.093333333,0.893,0,0,NA
PUMA_20150210_071500.wav,-1.395,-2.756666667,-1.099,1.42,5.35,2.326,0,0,NA
PUMA_20150210_073000.wav,-2.83,-2.543333333,-1.852,1.035,3.6,2.589,0,0,NA
PUMA_20150210_074500.wav,-0.86,-2.536666667,-1.591,2.935,4.703333333,1.549,0,0,NA
PUMA_20150210_080000.wav,-0.855,-2.79,-1.893,3.555,2.38,1.106,0,0,NA
PUMA_20150211_054500.wav,-1.61,-1.673333333,-0.802,1.95,1.843333333,1.143,0,0,NA
PUMA_20150211_060000.wav,-1.51,-1.663333333,-0.542,0.835,1.693333333,1.134,0,0,NA
PUMA_20150211_061500.wav,-1.425,-1.846666667,-0.618,0.195,1.753333333,1.036,0,0,NA
PUMA_20150211_063000.wav,-1.465,-1.813333333,-0.229,-0.065,1.653333333,1.123,0,0,NA
PUMA_20150211_064500.wav,-1.42,-1.726666667,-1.337,0.045,1.79,1.109,0,0,NA
PUMA_20150211_070000.wav,-1.405,-1.64,-0.394,-0.045,1.886666667,1.096,0,0,NA
PUMA_20150211_071500.wav,-1.87,-2.05,-1.179,0.11,2.78,1.419,0,0,NA
PUMA_20150211_073000.wav,-1.445,-1.886666667,-0.709,0.025,2.126666667,1.16,0,0,NA
PUMA_20150211_074500.wav,-1.505,-1.943333333,-0.395,0.17,2.273333333,1.176,0,0,NA
PUMA_20150211_080000.wav,-1.78,-3.066666667,-3.166,7.085,2.58,1.183,0,0,NA
PUMA_20150212_054500.wav,-3.24,-1.973333333,-1.221,1.42,5.413333333,3.205,0,0,NA
PUMA_20150212_060000.wav,-0.06,-2.396666667,-2.564,2.7,3.716666667,0.605,0,0,NA
PUMA_20150212_061500.wav,-0.75,-2.106666667,-2.406,2.84,5.136666667,1.016,0,0,NA
PUMA_20150212_064500.wav,-4.405,-4.196666667,-1.996,2.34,8.256666667,3.795,0,0,NA
PUMA_20150212_070000.wav,-0.155,-2.056666667,-1.819,2.26,2.523333333,0.753,0,0,NA
PUMA_20150212_071500.wav,0.275,-2.16,-1.84,2.83,2.186666667,0.522,0,0,NA
PUMA_20150212_073000.wav,-0.8,-2.62,-2.63,2.8,3.546666667,0.827,0,0,NA
PUMA_20150212_074500.wav,-0.72,-2.506666667,-2.006,3.08,2.71,0.598,0,0,NA
PUMA_20150212_080000.wav,-1.415,-2.926666667,-2.235,3.18,3.43,0.707,0,0,NA
PUMA_20150213_054500.wav,-1.2,-3.163333333,-1.955,2.765,3.756666667,1.275,0,0,NA
PUMA_20150213_060000.wav,0.475,-3.2,-3.426,4.145,3.233333333,0.69,0,0,NA
PUMA_20150213_063000.wav,-4.265,-4.456666667,-2.587,3.215,5.31,2.44,0,0,NA
PUMA_20150213_064500.wav,-0.225,-3.236666667,-2.11,3.545,3.8,1.357,0,0,NA
PUMA_20150213_070000.wav,-0.415,-3.72,-2.689,3.93,5.46,1.966,0,0,NA
PUMA_20150213_071500.wav,-2.675,-3.81,-2.667,3.965,5.176666667,2.342,0,0,NA
PUMA_20150213_073000.wav,0.425,-2.316666667,-1.897,3.865,2.766666667,0.909,0,0,NA
PUMA_20150213_074500.wav,0.19,-2.996666667,-1.891,3.165,3.826666667,1.319,0,0,NA
PUMA_20150213_080000.wav,-3.1,-3.42,-2.257,3.625,4.746666667,2.101,0,0,NA
PUMA_20150214_054500.wav,-2.665,-2.693333333,-1.672,3.145,1.976666667,1.239,0,0,NA
PUMA_20150214_060000.wav,0.51,-2.026666667,-2.347,3.775,2.146666667,0.309,0,0,NA
PUMA_20150214_063000.wav,0.62,-3.16,-3.032,3.505,3,0.409,0,0,NA
PUMA_20150214_071500.wav,1.24,-2.523333333,-2.337,3.77,2.306666667,-0.079,0,0,NA
PUMA_20150214_074500.wav,-1.235,-3.293333333,-2.581,2.395,6.106666667,1.349,0,0,NA
PUMA_20150214_080000.wav,0.275,-2.806666667,-1.664,2.955,4.206666667,1.053,0,0,NA
PUMA_20150215_054500.wav,-3.305,-3.5,-2.371,4.1,5.656666667,3.19,0,0,NA
PUMA_20150215_060000.wav,-2.915,-2.016666667,-1.358,1.835,6.303333333,3.175,0,0,NA
PUMA_20150215_061500.wav,-0.35,-2.256666667,-1.556,2.17,3.033333333,0.617,0,0,NA
PUMA_20150215_063000.wav,0.005,-2.286666667,-1.882,2.365,2.883333333,0.483,0,0,NA
PUMA_20150215_064500.wav,-0.38,-2.04,-1.379,1.755,2.313333333,0.576,0,0,NA
PUMA_20150215_070000.wav,-0.565,-2.26,-1.648,1.59,2.446666667,0.564,0,0,NA
PUMA_20150215_071500.wav,-1.165,-2.28,-1.474,1.81,2.626666667,1.385,0,0,NA
PUMA_20150215_073000.wav,-1.715,-3.226666667,-1.736,1.835,3.793333333,2.588,0,0,NA
PUMA_20150215_080000.wav,-0.16,-2.616666667,-1.588,2.23,3.096666667,0.89,0,0,NA
PUMA_20150216_054500.wav,0.505,-1.896666667,-1.345,2.18,2.026666667,0.623,0,0,NA
PUMA_20150216_060000.wav,0.44,-2.686666667,-2.396,2.785,3.29,0.464,0,0,NA
PUMA_20150216_064500.wav,-6.01,-6.156666667,-1.975,2.46,11.80333333,6.739,0,0,NA
PUMA_20150216_070000.wav,-3.385,-4.62,-1.714,2.145,7.693333333,2.284,0,0,NA
PUMA_20150216_071500.wav,0.8,-2.073333333,-1.557,2.615,2.38,0.439,0,0,NA
PUMA_20150216_073000.wav,-0.465,-2.403333333,-1.664,2.795,5.396666667,1.546,0,0,NA
PUMA_20150216_074500.wav,-2.955,-3.553333333,-1.92,2.665,5.01,3.008,0,0,NA
PUMA_20150216_080000.wav,-0.88,-2.743333333,-2.385,3.88,4.923333333,1.917,0,0,NA
PUMA_20150217_060000.wav,0.485,-2.233333333,-2.188,2.575,2.43,0.347,0,0,NA
PUMA_20150217_061500.wav,-0.71,-2.77,-2.44,2.35,3.756666667,0.909,0,0,NA
PUMA_20150217_063000.wav,-0.665,-2.316666667,-1.51,2.135,3.086666667,1.155,0,0,NA
PUMA_20150217_064500.wav,-0.005,-2.346666667,-1.45,2.14,3.413333333,0.873,0,0,NA
PUMA_20150217_070000.wav,-0.745,-2.793333333,-1.756,2.39,4.183333333,1.059,0,0,NA
PUMA_20150217_071500.wav,-0.565,-2.786666667,-1.554,2.39,3.69,0.915,0,0,NA
PUMA_20150217_073000.wav,0.265,-2.346666667,-2.027,2.225,2.49,0.81,0,0,NA
PUMA_20150217_074500.wav,-0.22,-2.923333333,-1.679,2.35,3.493333333,0.835,0,0,NA
PUMA_20150217_080000.wav,0.535,-2.46,-1.799,2.85,2.873333333,0.559,0,0,NA
PUMA_20150218_060000.wav,2.18,-2.413333333,-3.033,5.28,2.486666667,0.054,0,0,NA
PUMA_20150218_063000.wav,1.875,-2.74,-3.149,4.625,2.19,0.027,0,0,NA
PUMA_20150218_064500.wav,-0.73,-4.066666667,-2.684,4.315,6.79,1.911,0,0,NA
PUMA_20150218_070000.wav,1.745,-2.746666667,-2.828,4.835,2.293333333,-0.191,0,0,NA
PUMA_20150218_071500.wav,1.265,-2.15,-1.682,3.235,1.783333333,-0.113,0,0,NA
PUMA_20150218_073000.wav,-0.325,-3.306666667,-2.97,3.615,3.886666667,0.711,0,0,NA
PUMA_20150218_074500.wav,1.07,-2.486666667,-3.176,3.775,1.8,-0.122,0,0,NA
PUMA_20150218_080000.wav,1.025,-2.433333333,-2.431,3.78,2.156666667,-0.113,0,0,NA
PUMA_20150219_054500.wav,0.465,-2.466666667,-2.163,2.94,3.33,0.648,0,0,NA
PUMA_20150219_063000.wav,-0.625,-4.286666667,-2.629,3.395,5.066666667,1.309,0,0,NA
PUMA_20150219_064500.wav,-0.525,-3.996666667,-2.338,2.735,5.493333333,1.923,0,0,NA
PUMA_20150219_070000.wav,0.615,-2.513333333,-2.319,3.215,2.55,0.279,0,0,NA
PUMA_20150219_071500.wav,-1.095,-3.34,-1.997,3.455,4.7,3.553,0,0,NA
PUMA_20150219_074500.wav,-1.8,-3.276666667,-2.341,2.34,3.793333333,1.711,0,0,NA
PUMA_20150219_080000.wav,-0.815,-3.273333333,-2.598,2.685,3.853333333,0.595,0,0,NA
PUMA_20160210_054500.wav,-1.5,-2.99,-0.87,0.66,3.233333333,1.602,0,0,NA
PUMA_20160210_060000.wav,-0.83,-2.19,-1.107,1.39,2.606666667,0.948,0,0,NA
PUMA_20160210_061500.wav,-0.49,-1.95,-1.513,1.33,2.29,0.766,0,0,NA
PUMA_20160210_063000.wav,-1.325,-3.003333333,-1.097,1.52,3.01,1.24,0,0,NA
PUMA_20160210_070000.wav,-1.36,-2.313333333,-1.484,1.195,2.336666667,0.714,0,0,NA
PUMA_20160210_071500.wav,-0.295,-2.25,-1.899,3.29,2.3,0.666,0,0,NA
PUMA_20160210_080000.wav,-1.88,-3.243333333,-2.99,4.52,2.273333333,2.092,0,0,NA
PUMA_20160211_054500.wav,-1.155,-2.056666667,-0.735,0.55,2.21,1.019,0,0,NA
PUMA_20160211_060000.wav,-0.73,-2.036666667,-1.129,1.195,2.05,0.791,0,0,NA
PUMA_20160211_061500.wav,-1.73,-2.136666667,-2.178,1.595,1.923333333,1.459,0,0,NA
PUMA_20160211_063000.wav,-1.55,-2.17,-1.268,0.85,1.913333333,1.37,0,0,NA
PUMA_20160211_064500.wav,-1.075,-2.313333333,-0.888,0.73,1.856666667,1.044,0,0,NA
PUMA_20160211_070000.wav,-0.785,-2.01,-1.189,1.13,1.88,0.685,0,0,NA
PUMA_20160211_071500.wav,-1.88,-2.443333333,-1.344,1.765,2.653333333,1.236,0,0,NA
PUMA_20160211_073000.wav,-2.385,-3.03,-1.974,2.57,3.793333333,2.052,0,0,NA
PUMA_20160211_074500.wav,-3.215,-3.133333333,-1.647,2.545,3.876666667,2.513,0,0,NA
PUMA_20160211_080000.wav,-1.66,-3.313333333,-2.12,3.185,3.23,2.153,0,0,NA
PUMA_20160212_054500.wav,-2.84,-3.306666667,-1.681,1.685,3.293333333,0.895,0,0,NA
PUMA_20160212_060000.wav,-1.38,-2.773333333,-1.516,1.72,4.07,1.521,0,0,NA
PUMA_20160212_061500.wav,-2.02,-2.73,-2.442,1.595,3.946666667,1.775,0,0,NA
PUMA_20160212_071500.wav,-1.26,-3.23,-1.433,1.39,2.423333333,1.753,0,0,NA
PUMA_20160212_073000.wav,-4.895,-5.32,-2.113,1.65,4.983333333,3.239,0,0,NA
PUMA_20160212_074500.wav,-3.125,-4.1,-2.05,1.675,4.476666667,2.354,0,0,NA
PUMA_20160213_054500.wav,-1.42,-5.893333333,-2.978,3.14,6.13,2.61,0,0,NA
PUMA_20160213_063000.wav,-1.505,-4.743333333,-2.807,4.465,5.656666667,1.897,0,0,NA
PUMA_20160213_070000.wav,-0.465,-3.713333333,-2.88,3.18,4.79,1.483,0,0,NA
PUMA_20160213_071500.wav,-0.95,-5.563333333,-3.071,3.53,6.233333333,2.289,0,0,NA
PUMA_20160213_073000.wav,-0.635,-5.17,-3.303,3.98,5.796666667,2.935,0,0,NA
PUMA_20160213_074500.wav,-0.745,-5.18,-2.98,3.28,5.56,2.512,0,0,NA
PUMA_20160213_080000.wav,0.03,-3.15,-2.44,3.33,2.513333333,0.43,0,0,NA
PUMA_20160214_061500.wav,1.165,-2.9,-2.649,3.93,3.25,0.33,0,0,NA
PUMA_20160214_063000.wav,1.33,-2.69,-2.258,3.7,4.01,0.417,0,0,NA
PUMA_20160214_064500.wav,0.815,-3.576666667,-2.063,3.605,4.076666667,0.872,0,0,NA
PUMA_20160214_070000.wav,1.045,-2.763333333,-2.33,3.53,3.823333333,0.716,0,0,NA
PUMA_20160214_071500.wav,-0.605,-3.346666667,-2.058,3.765,4.11,1.269,0,0,NA
PUMA_20160214_073000.wav,0.765,-2.54,-1.763,3.575,2.803333333,0.512,0,0,NA
PUMA_20160214_074500.wav,-0.64,-2.896666667,-1.997,3.34,3.816666667,0.809,0,0,NA
PUMA_20160214_080000.wav,0.11,-2.763333333,-1.787,3.905,4.023333333,0.759,0,0,NA
PUMA_20160215_063000.wav,-0.83,-2.62,-1.529,1.67,3.176666667,1.576,0,0,NA
PUMA_20160215_064500.wav,-0.425,-2.57,-1.38,2.205,4.34,1.217,0,0,NA
PUMA_20160215_070000.wav,-0.265,-2.22,-1.677,2.33,2.713333333,1.43,0,0,NA
PUMA_20160215_073000.wav,0.06,-2.553333333,-2.24,2.1,2.643333333,0.536,0,0,NA
PUMA_20160215_074500.wav,-0.345,-2.586666667,-1.705,1.79,2.3,0.857,0,0,NA
PUMA_20160215_080000.wav,-0.43,-2.74,-1.916,2.39,2.686666667,1.462,0,0,NA
PUMA_20160223_061500.wav,-1.36,-2.696666667,-3.544,5.495,6.606666667,4.421,0,0,NA
PUMA_20160223_070000.wav,-0.725,-3.86,-2.339,3.975,4.23,0.858,0,0,NA
PUMA_20160223_071500.wav,-0.365,-3.376666667,-2.942,4.345,2.713333333,0.082,0,0,NA
PUMA_20160223_073000.wav,1.42,-2.256666667,-2.199,3.96,1.486666667,-0.324,0,0,NA
PUMA_20160223_074500.wav,0.825,-2.883333333,-2.346,4.095,2.98,0.165,0,0,NA
PUMA_20160223_080000.wav,-0.415,-2.713333333,-3.515,3.805,3.256666667,0.241,0,0,NA
PUMA_20160225_054500.wav,-0.71,-2.71,-1.785,2.995,2.643333333,1.305,0,0,NA
PUMA_20160225_060000.wav,-0.815,-2.51,-2.43,3.25,2.346666667,1.077,0,0,NA
PUMA_20160225_061500.wav,-0.03,-2.52,-1.917,3.06,2.193333333,0.639,0,0,NA
PUMA_20160225_064500.wav,-0.445,-3.703333333,-1.924,3.87,4.83,1.228,0,0,NA
PUMA_20160225_070000.wav,-0.335,-2.633333333,-1.912,3.25,4.41,1.082,0,0,NA
PUMA_20160225_071500.wav,0.575,-3.77,-1.91,3.57,3.463333333,1.241,0,0,NA
PUMA_20160225_073000.wav,0.91,-3.41,-2.121,3.785,3.556666667,0.881,0,0,NA
PUMA_20160225_074500.wav,-0.59,-3.773333333,-2.383,3.405,3.643333333,2.028,0,0,NA
PUMA_20160225_080000.wav,-1.215,-3.383333333,-3.825,3.995,3.15,0.46,0,0,NA
PUMA_20170213_063000.wav,-0.61,-4.703333333,-2.245,4.515,9.883333333,3.109,0,0,NA
PUMA_20170213_064500.wav,1.1,-2.423333333,-2.478,4.04,3.796666667,0.544,0,0,NA
PUMA_20170213_070000.wav,0.73,-2.803333333,-2.256,3.74,4.066666667,0.836,0,0,NA
PUMA_20170213_074500.wav,0.89,-3.05,-2.545,4.99,6.08,1.335,0,0,NA
PUMA_20170213_080000.wav,1.73,-2.57,-2.77,4.15,2.353333333,-0.224,0,0,NA
PUMA_20170214_054500.wav,-1.665,-1.773333333,-0.274,-0.415,1.716666667,1.01,0,0,NA
PUMA_20170214_060000.wav,-1.715,-1.823333333,-0.196,-0.32,1.573333333,1.046,0,0,NA
PUMA_20170214_061500.wav,-1.57,-1.723333333,-0.317,-0.22,1.726666667,0.949,0,0,NA
PUMA_20170214_063000.wav,-1.59,-1.79,-0.338,-0.225,1.593333333,0.947,0,0,NA
PUMA_20170214_064500.wav,-1.52,-1.766666667,-0.432,-0.12,1.713333333,0.921,0,0,NA
PUMA_20170214_070000.wav,-1.265,-1.896666667,-0.529,0.13,1.686666667,0.908,0,0,NA
PUMA_20170214_071500.wav,-1.33,-1.923333333,-0.668,0.195,1.923333333,0.909,0,0,NA
PUMA_20170214_073000.wav,-1.44,-2.073333333,-0.545,0.135,1.833333333,0.846,0,0,NA
PUMA_20170214_074500.wav,-1.33,-1.996666667,-0.578,0.04,1.856666667,0.837,0,0,NA
PUMA_20170214_080000.wav,-1.14,-2.013333333,-0.744,0.59,1.74,0.817,0,0,NA
PUMA_20170215_054500.wav,0.55,-2.573333333,-2.365,4.125,2.856666667,0.429,0,0,NA
PUMA_20170215_060000.wav,1.71,-2.76,-2.515,4.57,2.383333333,0.139,0,0,NA
PUMA_20170215_061500.wav,-2.095,-2.983333333,-2.242,4.15,5.06,2.332,0,0,NA
PUMA_20170215_063000.wav,1.175,-2.353333333,-1.724,3.46,2.01,0.301,0,0,NA
PUMA_20170215_064500.wav,-0.005,-3.486666667,-2.41,4.93,3.773333333,0.627,0,0,NA
PUMA_20170215_070000.wav,0.695,-2.646666667,-1.691,2.645,2.003333333,0.54,0,0,NA
PUMA_20170215_071500.wav,-1.48,-3.133333333,-1.516,2.56,3.11,3.473,0,0,NA
PUMA_20170215_080000.wav,0.08,-2.733333333,-1.955,2.61,3.416666667,0.84,0,0,NA
PUMA_20170216_054500.wav,-0.86,-2.293333333,-0.998,1.495,1.833333333,1.072,0,0,NA
PUMA_20170216_060000.wav,-0.445,-2.85,-1.836,3.245,3.173333333,1.028,0,0,NA
PUMA_20170216_061500.wav,-1.56,-2.92,-2.397,2.075,3.17,1.057,0,0,NA
PUMA_20170216_063000.wav,-0.79,-2.616666667,-2.403,2.26,2.416666667,0.794,0,0,NA
PUMA_20170216_064500.wav,-0.195,-2.4,-2.095,2.335,2.79,0.922,0,0,NA
PUMA_20170216_070000.wav,-1.475,-3.643333333,-1.736,2.595,3.3,1.508,0,0,NA
PUMA_20170216_073000.wav,-1.545,-7.12,-3.78,2.49,6.883333333,2.66,0,0,NA
PUMA_20170216_074500.wav,-1.945,-3.446666667,-2.279,1.94,5.063333333,2.061,0,0,NA
PUMA_20170216_080000.wav,-2.58,-4.163333333,-2.154,2.13,4.886666667,2.272,0,0,NA
PUMA_20170217_054500.wav,-0.48,-2.813333333,-1.543,2.45,4.176666667,1.188,0,0,NA
PUMA_20170217_060000.wav,-1.1,-3.493333333,-1.987,2.22,7.11,1.551,0,0,NA
PUMA_20170217_063000.wav,0.645,-2.456666667,-2.611,3.35,2.31,0.058,0,0,NA
PUMA_20170217_064500.wav,0.065,-2.896666667,-2.24,3.9,3.41,0.883,0,0,NA
PUMA_20170217_070000.wav,0.6,-2.52,-2.25,3.945,1.973333333,-0.015,0,0,NA
PUMA_20170217_071500.wav,-0.65,-2.936666667,-2.077,3.59,2.723333333,0.677,0,0,NA
PUMA_20170217_073000.wav,1.615,-2.52,-2.398,4.165,1.943333333,-0.201,0,0,NA
PUMA_20170217_074500.wav,-2.775,-2.79,-1.838,2.455,3.343333333,1.803,0,0,NA
PUMA_20170217_080000.wav,-1.255,-1.846666667,-0.471,0.08,1.65,0.857,0,0,NA
PUMA_20170218_054500.wav,-1.655,-1.69,-0.311,-0.09,2.366666667,1.247,0,0,NA
PUMA_20170218_060000.wav,-1.51,-1.77,-0.555,0.815,2.78,1.331,0,0,NA
PUMA_20170218_061500.wav,-1.545,-1.836666667,-0.751,0.485,2.243333333,1.159,0,0,NA
PUMA_20170218_064500.wav,-1.335,-2.016666667,-0.57,0.295,2.326666667,1.108,0,0,NA
PUMA_20170218_070000.wav,-1.355,-1.896666667,-0.706,0.415,2.396666667,1.208,0,0,NA
PUMA_20170218_071500.wav,-1.58,-1.84,-0.992,0.67,2.676666667,1.031,0,0,NA
PUMA_20170218_073000.wav,-1.21,-2.03,-1.313,1.125,2.26,0.935,0,0,NA
PUMA_20170218_074500.wav,-1.18,-2.17,-2.069,1.865,2.52,0.894,0,0,NA
PUMA_20170218_080000.wav,-1.125,-2.173333333,-1.641,2.73,2.643333333,0.906,0,0,NA
PUMA_20170219_054500.wav,-1.37,-2.753333333,-2.051,3.365,2.803333333,1.177,0,0,NA
PUMA_20170219_080000.wav,-0.77,-2.966666667,-2.73,3.165,4.196666667,1.053,0,0,NA
PUMA_20170220_060000.wav,-1.31,-2.69,-1.381,2.545,3.783333333,1.741,0,0,NA
PUMA_20170220_061500.wav,-1.78,-2.646666667,-1.685,1.965,4.776666667,1.479,0,0,NA
PUMA_20170220_063000.wav,-5.455,-3.953333333,-1.825,1.63,6.366666667,3.08,0,0,NA
PUMA_20170220_070000.wav,-1.09,-4.136666667,-2.128,2.035,3.69,1.766,0,0,NA
PUMA_20170220_071500.wav,-1.15,-3.263333333,-1.881,2.05,3.87,1.775,0,0,NA
PUMA_20170220_073000.wav,-0.335,-2.176666667,-1.279,2.085,2.663333333,0.979,0,0,NA
PUMA_20170220_080000.wav,0.205,-3.78,-2.293,3.085,4.043333333,1.044,0,0,NA
PUMA_20170221_063000.wav,-0.62,-2.67,-2.766,3.045,2.43,0.919,0,0,NA
PUMA_20170221_064500.wav,0.265,-2.143333333,-1.444,2.065,2.016666667,0.601,0,0,NA
PUMA_20170221_071500.wav,-0.485,-2.666666667,-1.462,2.765,3.443333333,1.521,0,0,NA
PUMA_20170221_073000.wav,0.255,-2.293333333,-1.553,2.97,2.643333333,1.1,0,0,NA
PUMA_20170221_080000.wav,-0.25,-2.583333333,-2.295,2.285,3.24,0.642,0,0,NA
PUMA_20170222_054500.wav,-1.44,-1.986666667,-0.51,0.39,1.69,0.907,0,0,NA
PUMA_20170222_060000.wav,-1.275,-1.826666667,-1.284,2.415,1.86,0.869,0,0,NA
PUMA_20170222_061500.wav,-1.9,-1.816666667,-0.432,0.04,1.853333333,0.994,0,0,NA
PUMA_20170222_063000.wav,-1.735,-1.766666667,-0.372,-0.16,1.776666667,1.161,0,0,NA
PUMA_20170222_064500.wav,-1.355,-1.763333333,-0.451,0.105,1.62,0.954,0,0,NA
PUMA_20170222_070000.wav,-1.23,-1.933333333,-0.597,0.2,2.006666667,0.878,0,0,NA
PUMA_20170222_071500.wav,-1.24,-1.906666667,-0.708,0.28,1.833333333,0.888,0,0,NA
PUMA_20170222_073000.wav,-1.525,-2.443333333,-0.982,0.45,2.553333333,1.188,0,0,NA
PUMA_20170222_074500.wav,-1.665,-2.093333333,-0.646,0.32,2.243333333,1.231,0,0,NA
PUMA_20170222_080000.wav,-1.33,-2.133333333,-0.748,0.495,2.283333333,1.164,0,0,NA
PUMA_20170223_054500.wav,-0.995,-4.103333333,-2.266,2.015,4.75,1.811,0,0,NA
PUMA_20170223_063000.wav,-0.06,-2.49,-2.515,3.035,2.763333333,0.831,0,0,NA
PUMA_20170223_064500.wav,-1.33,-3.54,-2.384,2.68,2.466666667,1.155,0,0,NA
PUMA_20170223_070000.wav,-0.03,-1.936666667,-1.396,2.07,2.833333333,0.951,0,0,NA
PUMA_20170223_073000.wav,-0.565,-2.113333333,-2.004,1.885,2.32,0.935,0,0,NA
PUMA_20170223_074500.wav,-0.555,-2.276666667,-1.511,2.535,2.786666667,1.837,0,0,NA
PUMA_20170223_080000.wav,0.005,-2.423333333,-1.857,2.68,2.63,0.838,0,0,NA
PUMA_20170224_064500.wav,-0.165,-2.266666667,-1.565,1.83,2.526666667,0.387,0,0,NA
PUMA_20170224_070000.wav,-0.2,-2.293333333,-1.477,2.075,2.01,0.274,0,0,NA
PUMA_20170224_073000.wav,0.705,-3.09,-2.762,5.29,6.293333333,0.492,0,0,NA
PUMA_20170224_074500.wav,0,-2.093333333,-1.613,2.05,2.653333333,0.47,0,0,NA
PUMA_20170224_080000.wav,1.04,-2.146666667,-1.993,3.52,2.766666667,0.484,0,0,NA
PUMA_20170225_054500.wav,-1.395,-1.863333333,-0.343,0.045,1.82,0.897,0,0,NA
PUMA_20170225_060000.wav,-1.225,-1.85,-0.544,0.255,1.96,0.875,0,0,NA
PUMA_20170225_061500.wav,-1.255,-1.873333333,-0.65,0.375,1.92,0.829,0,0,NA
PUMA_20170225_063000.wav,-1.835,-3.356666667,-1.756,1.87,5.143333333,2.252,0,0,NA
PUMA_20170225_064500.wav,-0.895,-1.936666667,-0.912,1.115,2.103333333,0.741,0,0,NA
PUMA_20170225_070000.wav,-2.24,-2.29,-1.053,1.62,2.846666667,1.804,0,0,NA
PUMA_20170225_071500.wav,-0.985,-2.2,-1.156,1.855,2.85,0.842,0,0,NA
PUMA_20170225_073000.wav,-2.145,-2.133333333,-1.158,1.635,2.583333333,1.51,0,0,NA
PUMA_20170225_074500.wav,-0.59,-2.31,-1.244,2.43,2.693333333,0.961,0,0,NA
PUMA_20170225_080000.wav,-1.445,-3.076666667,-1.914,2.085,4.536666667,2.62,0,0,NA
PUMA_20170226_054500.wav,-0.875,-2,-0.919,0.85,1.906666667,0.783,0,0,NA
PUMA_20170226_060000.wav,-1.195,-2.143333333,-0.857,0.575,2.006666667,1.04,0,0,NA
PUMA_20170226_061500.wav,-1.92,-2.043333333,-0.931,1.025,2.103333333,1.064,0,0,NA
PUMA_20170226_063000.wav,-1.6,-1.67,-0.196,-0.305,1.846666667,1.027,0,0,NA
PUMA_20170226_064500.wav,-1.585,-1.65,-0.236,-0.31,1.73,1.004,0,0,NA
PUMA_20170226_070000.wav,-1.475,-1.566666667,-0.235,-0.185,1.816666667,0.918,0,0,NA
PUMA_20170226_071500.wav,-1.42,-1.566666667,-0.298,-0.135,1.773333333,0.895,0,0,NA
PUMA_20170226_073000.wav,-1.415,-1.626666667,-0.317,-0.07,1.83,0.895,0,0,NA
PUMA_20170226_074500.wav,-1.325,-1.766666667,-0.385,0.005,2.05,0.957,0,0,NA
PUMA_20140207_074500.wav,-3.6,-8.17,-2.943,5.425,10.98,9.009,0,1,2
HARPIA_20150208_073000.wav,-1.71,-5.8,-1.817,4.485,11.03333333,5.593,0,1,3
PUMA_20130303_064500.wav,1.225,-2.36,-1.43,3.165,2.926666667,0.893,0,1,3
PUMA_20140205_063000.wav,0.545,-3.16,-1.861,4.86,5.68,3.407,0,1,3
PUMA_20140214_071500.wav,0.53,-2.273333333,-1.403,3.06,3.82,1.771,0,1,3
HARPIA_20130208_064500.wav,-3.445,-4.556666667,-3.229,3.89,5.913333333,2.305,0,1,4
HARPIA_20130208_070000.wav,0.01,-3.073333333,-2.203,3.535,4.136666667,1.97,0,1,4
HARPIA_20130208_080000.wav,-0.545,-3.696666667,-2.524,3.29,4.34,2.577,0,1,4
HARPIA_20130210_054500.wav,1.055,-2.106666667,-1.786,3.275,2.28,0.785,0,1,4
HARPIA_20160128_063000.wav,0.095,-4.756666667,-3.172,4.56,5.31,3.568,0,1,4
HARPIA_20160128_064500.wav,-0.31,-3.69,-2.937,4.265,6.19,2.331,0,1,4
HARPIA_20160130_064500.wav,1.035,-2.49,-1.936,3.79,2.793333333,0.846,0,1,4
HARPIA_20160203_070000.wav,-1.27,-3.693333333,-2.216,2.865,6.216666667,3.668,0,1,4
HARPIA_20170213_071500.wav,-1.28,-3.163333333,-2.884,4.445,3.413333333,0.455,0,1,4
HARPIA_20170215_064500.wav,-0.06,-3.366666667,-1.666,3.405,5.023333333,2.345,0,1,4
HARPIA_20170215_071500.wav,-0.65,-3.25,-1.996,2.95,5.436666667,2.537,0,1,4
HARPIA_20170217_070000.wav,-0.025,-5.033333333,-3.146,4.255,8.103333333,2.927,0,1,4
HARPIA_20170219_071500.wav,-1.415,-3.23,-2.368,2.665,5.57,3.435,0,1,4
PUMA_20130302_064500.wav,-0.13,-8.983333333,-5.157,5.46,9.586666667,3.678,0,1,4
PUMA_20130302_071500.wav,0.385,-2.15,-1.269,2.8,4.596666667,1.94,0,1,4
PUMA_20130302_073000.wav,0.195,-3.64,-1.707,3.105,3.656666667,1.728,0,1,4
PUMA_20130302_080000.wav,-0.78,-2.766666667,-1.468,2.43,4.06,2.308,0,1,4
PUMA_20130303_061500.wav,-0.35,-6.5,-3.915,4.53,8.093333333,2.607,0,1,4
PUMA_20130305_073000.wav,0.55,-1.843333333,-0.994,1.89,1.39,0.163,0,1,4
PUMA_20130305_074500.wav,0.545,-1.693333333,-0.943,1.84,1.496666667,0.202,0,1,4
PUMA_20140205_064500.wav,-1.17,-3.42,-2.56,7.945,5.296666667,3.045,0,1,4
PUMA_20140205_071500.wav,-1.455,-3.306666667,-1.828,4.375,6.133333333,3.153,0,1,4
PUMA_20140205_073000.wav,0.33,-3.536666667,-1.848,4.35,5.773333333,2.613,0,1,4
PUMA_20140205_074500.wav,-0.51,-3.98,-2.146,4.595,5.33,2.696,0,1,4
PUMA_20140205_080000.wav,2.22,-2.99,-2.859,6.425,3.933333333,0.287,0,1,4
PUMA_20140206_071500.wav,1.36,-3.75,-2.175,5.54,5.84,1.526,0,1,4
PUMA_20140207_063000.wav,1.61,-3.64,-2.135,5.21,6.51,2.237,0,1,4
PUMA_20140207_064500.wav,0.025,-4.076666667,-2.243,4.625,8.67,3.011,0,1,4
PUMA_20140207_071500.wav,-2.56,-4.106666667,-2.348,4.9,7.656666667,3.927,0,1,4
PUMA_20140207_080000.wav,0.885,-4.136666667,-2.226,5.005,7.046666667,2.612,0,1,4
PUMA_20140209_070000.wav,-1.755,-3.956666667,-1.761,2.445,5.563333333,3.427,0,1,4
PUMA_20150208_071500.wav,-2.28,-4.136666667,-2.022,3.9,4.833333333,2.303,0,1,4
PUMA_20150208_073000.wav,-1.99,-3.943333333,-3.559,4.145,5.82,1.839,0,1,4
PUMA_20150208_074500.wav,-1.965,-3.656666667,-3.797,3.56,4.27,1.411,0,1,4
PUMA_20150208_080000.wav,-0.89,-3.353333333,-2.536,5.595,4.523333333,1.505,0,1,4
PUMA_20170213_071500.wav,1.39,-3.41,-2.98,5.815,5.053333333,2.513,0,1,4
PUMA_20170213_073000.wav,0.46,-2.656666667,-2.973,4.84,5.11,2.596,0,1,4
PUMA_20170215_073000.wav,0.57,-2.69,-1.604,3.025,2.656666667,1.493,0,1,4
PUMA_20170215_074500.wav,-1.29,-4.963333333,-3.578,3.215,6.153333333,2.278,0,1,4
PUMA_20170216_071500.wav,-1.42,-3.663333333,-1.658,1.91,4.18,2.17,0,1,4
PUMA_20170218_063000.wav,-1.39,-2.023333333,-0.573,0.325,2.72,1.713,0,1,4
PUMA_20170220_054500.wav,-1.115,-2.383333333,-0.943,1.685,3.666666667,2.565,0,1,4
PUMA_20170220_064500.wav,-2.54,-2.916666667,-1.077,1.97,5.726666667,3.12,0,1,4
PUMA_20170220_074500.wav,-0.65,-3.61,-1.369,2.65,4.613333333,3.492,0,1,4
PUMA_20170221_070000.wav,-0.815,-3.083333333,-2.036,2.355,2.633333333,1.69,0,1,4
PUMA_20170223_071500.wav,0.175,-2.93,-1.866,2.53,2.703333333,0.839,0,1,4
PUMA_20170224_071500.wav,-1.73,-3.476666667,-1.682,3.37,5.916666667,3.342,0,1,4
HARPIA_20140215_060000.wav,2.93,-10.81333333,-5.132,11.52,12.80666667,6.917,0,2,1
HARPIA_20160202_054500.wav,0.335,-8.046666667,-4.699,16.335,11.58333333,6.709,0,2,1
HARPIA_20160202_061500.wav,1.075,-9.993333333,-5.676,12.965,17.06333333,6.521,0,2,1
HARPIA_20160202_063000.wav,1.225,-5.73,-4.103,9.25,5.13,0.521,0,2,1
HARPIA_20160202_070000.wav,-0.53,-6.133333333,-5.473,12.605,8.65,2.028,0,2,1
HARPIA_20170216_060000.wav,-0.44,-9.816666667,-3.663,12.405,8.336666667,6.259,0,2,1
HARPIA_20170219_060000.wav,1.165,-8.75,-3.26,9.615,9.99,7.354,0,2,1
PUMA_20150213_061500.wav,0.58,-10.86666667,-4.926,12.245,13.54666667,8.405,0,2,1
HARPIA_20140204_061500.wav,1.6,-5.823333333,-2.58,8.51,5.81,2.968,0,2,2
HARPIA_20140206_054500.wav,-1.465,-2.006666667,-1.077,3.28,2.456666667,1.768,0,2,2
HARPIA_20140206_060000.wav,2.115,-3.203333333,-2.286,7.195,2.73,0.285,0,2,2
HARPIA_20140206_073000.wav,-0.435,-2.373333333,-1.902,5.46,2.556666667,1.489,0,2,2
HARPIA_20140208_060000.wav,-1.615,-3.316666667,-2.029,5.785,2.626666667,1.229,0,2,2
HARPIA_20140209_060000.wav,2.455,-3.33,-2.509,7.725,3.903333333,0.345,0,2,2
HARPIA_20140209_061500.wav,2.865,-3.766666667,-3.039,8.57,2.85,-0.212,0,2,2
HARPIA_20140213_060000.wav,2.945,-6.97,-3.453,9.545,8.043333333,4.408,0,2,2
HARPIA_20140214_060000.wav,2.685,-5.336666667,-3.502,9.305,3.96,0.337,0,2,2
HARPIA_20140214_061500.wav,-0.42,-5.686666667,-3.575,8.59,5.366666667,2.39,0,2,2
HARPIA_20140216_060000.wav,2.56,-6.316666667,-3.651,10.83,7.726666667,2.349,0,2,2
HARPIA_20140216_061500.wav,1.42,-5.046666667,-2.982,8.645,4.243333333,0.792,0,2,2
HARPIA_20160127_060000.wav,4.235,-5.753333333,-3.795,9.88,6,4.03,0,2,2
HARPIA_20160201_060000.wav,3.08,-6.406666667,-4.011,9.965,7.483333333,2.426,0,2,2
HARPIA_20160204_054500.wav,0.325,-5.44,-2.965,10.96,7.726666667,3.264,0,2,2
HARPIA_20160204_060000.wav,3.205,-4.77,-2.956,11.105,5.753333333,1.831,0,2,2
HARPIA_20170213_054500.wav,1.65,-9.266666667,-3.583,10.515,11.21333333,6.359,0,2,2
HARPIA_20170213_060000.wav,2.655,-8.646666667,-5.606,10.68,7.116666667,5.804,0,2,2
HARPIA_20170213_061500.wav,1.725,-8.71,-4.057,9.52,9.373333333,5.95,0,2,2
HARPIA_20170213_063000.wav,2.385,-9.683333333,-4.425,11.74,8.133333333,5.066,0,2,2
HARPIA_20170215_060000.wav,3.05,-6.306666667,-2.739,10.365,6.606666667,3.512,0,2,2
PUMA_20150215_074500.wav,-0.135,-5.946666667,-3.522,11.595,7.64,2.529,0,2,2
PUMA_20150219_061500.wav,0.9,-8.246666667,-4.121,12.915,9.16,3.636,0,2,2
PUMA_20160213_060000.wav,-0.76,-7.283333333,-4.394,12.665,7.333333333,2.522,0,2,2
PUMA_20160213_061500.wav,-0.91,-5.03,-4.008,10.5,4.37,1.644,0,2,2
HARPIA_20130208_054500.wav,0.935,-4.35,-3.19,8.095,4.6,0.48,0,2,3
HARPIA_20130215_064500.wav,0.32,-2.6,-3.472,5.135,2.346666667,0.611,0,2,3
HARPIA_20130215_080000.wav,-1.675,-2.786666667,-1.507,3.435,3.126666667,1.813,0,2,3
HARPIA_20130225_061500.wav,1.705,-2.86,-3.889,6.565,2.6,-0.222,0,2,3
HARPIA_20140204_060000.wav,1.715,-3.543333333,-2.728,5.215,3.406666667,0.638,0,2,3
HARPIA_20140205_060000.wav,1.505,-3.82,-3.995,8.035,5.476666667,0.347,0,2,3
HARPIA_20140205_061500.wav,3.495,-3.21,-3.555,8.01,4.693333333,0.66,0,2,3
HARPIA_20140206_061500.wav,1.79,-2.983333333,-2.327,5.65,2.863333333,0.394,0,2,3
HARPIA_20140206_071500.wav,0.79,-2.713333333,-3.536,6.65,1.933333333,1.937,0,2,3
HARPIA_20140207_054500.wav,-0.335,-4.493333333,-2.643,8.615,4.706666667,1.825,0,2,3
HARPIA_20140207_060000.wav,3.96,-4.39,-3.26,9.11,3.386666667,0.174,0,2,3
HARPIA_20140207_061500.wav,1.595,-3.63,-3.657,7.14,3.496666667,0.237,0,2,3
HARPIA_20140207_071500.wav,0.755,-5.973333333,-3.441,8.115,5.496666667,1.968,0,2,3
HARPIA_20140207_073000.wav,0.4,-5.34,-3.116,7.52,6.346666667,1.709,0,2,3
HARPIA_20140208_064500.wav,-1.73,-1.99,-0.448,0.635,1.916666667,1.099,0,2,3
HARPIA_20140208_070000.wav,-1.055,-1.723333333,-0.587,0.825,2.046666667,0.904,0,2,3
HARPIA_20140208_073000.wav,-1.655,-1.656666667,-0.584,1.53,1.813333333,1.055,0,2,3
HARPIA_20140209_054500.wav,-0.135,-4.423333333,-2.178,6.375,4.156666667,4.029,0,2,3
HARPIA_20140209_063000.wav,2.555,-4.18,-3.03,8.42,4.373333333,0.713,0,2,3
HARPIA_20140209_070000.wav,1.255,-3.263333333,-2.683,7.565,2.993333333,0.665,0,2,3
HARPIA_20140209_073000.wav,-0.17,-2.676666667,-2.42,5.27,3.756666667,0.739,0,2,3
HARPIA_20140209_074500.wav,-1.45,-3.76,-2.513,5.3,5.716666667,2.123,0,2,3
HARPIA_20140209_080000.wav,-4.27,-5.536666667,-2.675,4.34,4.63,3.381,0,2,3
HARPIA_20140211_060000.wav,-0.73,-2.053333333,-1.059,4.775,2.966666667,1.277,0,2,3
HARPIA_20140212_060000.wav,-0.235,-2.453333333,-1.435,5.24,3.333333333,1.044,0,2,3
HARPIA_20140212_061500.wav,0.615,-2.416666667,-2.785,6.105,2.676666667,0.91,0,2,3
HARPIA_20140214_063000.wav,1.63,-3.97,-2.927,6.97,6.143333333,1.917,0,2,3
HARPIA_20140214_073000.wav,-0.435,-5.166666667,-3.022,7.76,8.27,2.546,0,2,3
HARPIA_20140214_074500.wav,-0.465,-5.636666667,-3.933,7.745,8.45,3.333,0,2,3
HARPIA_20140215_061500.wav,0.735,-2.853333333,-2.425,4.92,3.303333333,0.563,0,2,3
HARPIA_20150207_054500.wav,1.1,-3.646666667,-2.703,7.79,3.953333333,0.83,0,2,3
HARPIA_20150207_060000.wav,2.23,-3.42,-3.298,7.585,4.486666667,0.733,0,2,3
HARPIA_20150207_061500.wav,1.835,-3.56,-3.026,8.02,4.556666667,0.854,0,2,3
HARPIA_20150217_060000.wav,4.305,-3.196666667,-3.372,8.68,4.216666667,-0.216,0,2,3
HARPIA_20150217_063000.wav,0.86,-2.506666667,-2.524,5.955,3.736666667,0.254,0,2,3
HARPIA_20150218_070000.wav,-4.195,-4.836666667,-3.086,7.225,7.703333333,2.711,0,2,3
HARPIA_20160126_060000.wav,-1.985,-5.01,-3.502,8.48,8.936666667,3.081,0,2,3
HARPIA_20160126_061500.wav,3.45,-4.516666667,-3.343,9.41,4.44,0.739,0,2,3
HARPIA_20160126_063000.wav,2.275,-3.773333333,-3.083,7.46,3.816666667,0.033,0,2,3
HARPIA_20160126_064500.wav,0.915,-3.87,-2.274,6.415,3.94,0.962,0,2,3
HARPIA_20160130_060000.wav,3.74,-4.593333333,-2.7,8.83,6.026666667,2.444,0,2,3
HARPIA_20160130_061500.wav,1.045,-4.743333333,-2.859,7.435,5.726666667,2.478,0,2,3
HARPIA_20160131_061500.wav,1.22,-3.963333333,-3.576,10.915,3.47,0.268,0,2,3
HARPIA_20170212_054500.wav,1.78,-3.84,-3.246,9.495,3.08,0.308,0,2,3
HARPIA_20170216_061500.wav,-0.09,-3.42,-2.234,8.43,4.163333333,1.968,0,2,3
HARPIA_20170217_060000.wav,1.025,-2.526666667,-1.759,5.89,3.536666667,0.574,0,2,3
HARPIA_20170217_061500.wav,1.9,-2.5,-2.133,5.13,3.153333333,0.045,0,2,3
HARPIA_20170223_054500.wav,0.25,-5.55,-2.433,9.37,6.57,2.514,0,2,3
HARPIA_20170223_060000.wav,1.715,-6.536666667,-2.795,9.435,5.826666667,3.367,0,2,3
PUMA_20140211_061500.wav,-0.555,-3.263333333,-2.265,7.03,3.063333333,0.737,0,2,3
PUMA_20150218_061500.wav,0.81,-7.816666667,-3.849,11.505,8.243333333,3.487,0,2,3
PUMA_20160223_064500.wav,1.8,-3.076666667,-2.728,7.7,2.766666667,0.179,0,2,3
HARPIA_20130208_060000.wav,2.59,-2.4,-3.761,6.42,2.436666667,-0.248,0,2,4
HARPIA_20130210_061500.wav,1.215,-3.073333333,-5.459,7.285,3.34,-1.002,0,2,4
HARPIA_20130213_060000.wav,1.49,-2.936666667,-3.027,5.7,6.473333333,0.607,0,2,4
HARPIA_20130213_061500.wav,0.705,-2.643333333,-3.341,4.025,3.46,0.308,0,2,4
HARPIA_20130214_054500.wav,0.015,-3.306666667,-2.136,4.84,4.306666667,0.96,0,2,4
HARPIA_20130214_060000.wav,1.35,-2.94,-3.194,5.05,2.416666667,0.565,0,2,4
HARPIA_20130214_061500.wav,1.57,-2.403333333,-2.983,4.5,2.44,-0.52,0,2,4
HARPIA_20130214_064500.wav,1.265,-2.843333333,-3.13,4.19,4.16,-0.019,0,2,4
HARPIA_20130214_070000.wav,0.61,-2.693333333,-2.999,3.715,3.733333333,0.29,0,2,4
HARPIA_20130214_073000.wav,0.38,-2.806666667,-2.255,3.635,3.806666667,0.339,0,2,4
HARPIA_20130215_054500.wav,0.93,-2.526666667,-1.834,4.295,2.1,0.075,0,2,4
HARPIA_20130215_060000.wav,0.025,-4.696666667,-3.234,6.24,6.986666667,1.047,0,2,4
HARPIA_20130215_061500.wav,-0.395,-3.683333333,-2.775,5.885,11.85666667,2.647,0,2,4
HARPIA_20140204_063000.wav,1.31,-2.586666667,-1.928,4.54,2.876666667,0.336,0,2,4
HARPIA_20140205_063000.wav,1.385,-3.446666667,-3.428,7.13,4.126666667,0.373,0,2,4
HARPIA_20140206_063000.wav,1.33,-2.65,-2.497,6.15,2.68,0.851,0,2,4
HARPIA_20140206_064500.wav,0.99,-2.12,-3.071,6.785,2.546666667,1.353,0,2,4
HARPIA_20140208_071500.wav,-1.02,-1.776666667,-0.643,0.82,2.02,0.877,0,2,4
HARPIA_20140209_064500.wav,1.43,-2.206666667,-2.175,3.825,2.343333333,0.439,0,2,4
HARPIA_20140209_071500.wav,-1.525,-3.41,-2.119,2.92,4.433333333,2.216,0,2,4
HARPIA_20140210_054500.wav,-1.515,-1.763333333,-0.085,0.56,2.016666667,1.371,0,2,4
HARPIA_20140211_061500.wav,-1.04,-2.06,-1.537,2.82,2.153333333,1.328,0,2,4
HARPIA_20140211_064500.wav,-1.07,-1.863333333,-0.427,0.995,2.203333333,1.382,0,2,4
HARPIA_20140213_054500.wav,0.855,-2.32,-1.795,4.615,2.42,0.941,0,2,4
HARPIA_20140213_061500.wav,1.035,-3.32,-3.929,6.645,3.666666667,0.525,0,2,4
HARPIA_20140215_054500.wav,-0.605,-2.65,-1.866,2.715,2.686666667,1.033,0,2,4
HARPIA_20140216_054500.wav,0.615,-2.123333333,-2.057,3.64,1.783333333,-0.155,0,2,4
HARPIA_20140217_054500.wav,1.245,-2.203333333,-2.096,5.15,1.866666667,0.109,0,2,4
HARPIA_20140217_060000.wav,3.095,-2.91,-2.772,6.42,2.583333333,-0.08,0,2,4
HARPIA_20150208_060000.wav,-0.225,-4.833333333,-2.768,7.83,6.523333333,4.386,0,2,4
HARPIA_20150208_063000.wav,0.58,-3.033333333,-2.515,6.55,5.326666667,1.43,0,2,4
HARPIA_20150212_060000.wav,-0.195,-3.993333333,-2.238,6.155,5.03,2.021,0,2,4
HARPIA_20150212_061500.wav,-0.15,-4.996666667,-3.561,5.21,4.296666667,1.337,0,2,4
HARPIA_20150213_060000.wav,-0.61,-4.193333333,-3.226,5.455,6.21,1.177,0,2,4
HARPIA_20150214_060000.wav,1.765,-2.796666667,-2.958,5.63,2.593333333,0.683,0,2,4
HARPIA_20150214_061500.wav,0.32,-3.01,-3.448,5.835,2.933333333,1.034,0,2,4
HARPIA_20150214_063000.wav,0.28,-2.743333333,-2.19,4.85,2.74,1.021,0,2,4
HARPIA_20150216_060000.wav,-0.245,-2.516666667,-3.074,4.195,1.966666667,1.185,0,2,4
HARPIA_20150217_071500.wav,-0.67,-3.143333333,-2.091,3.785,5.11,2.615,0,2,4
HARPIA_20150218_063000.wav,-1.085,-2.923333333,-2.568,4.945,4.7,0.563,0,2,4
HARPIA_20150218_064500.wav,-2.695,-4.596666667,-2.994,5.43,6.103333333,3.274,0,2,4
HARPIA_20160127_061500.wav,1.38,-3.723333333,-3.43,7.415,5.09,0.928,0,2,4
HARPIA_20160127_064500.wav,0.425,-4.31,-2.803,6.44,4.993333333,1.13,0,2,4
HARPIA_20160127_071500.wav,1.61,-2.99,-2.644,5.135,3.876666667,0.437,0,2,4
HARPIA_20160127_073000.wav,1.305,-2.44,-2.436,4.36,2.81,-0.053,0,2,4
HARPIA_20160128_060000.wav,2.645,-3.326666667,-3.682,7.575,2.743333333,0.578,0,2,4
HARPIA_20160128_061500.wav,2.015,-4.02,-4.312,6.9,3.85,-0.273,0,2,4
HARPIA_20160129_054500.wav,2.69,-3.28,-2.955,8.25,2.71,0.226,0,2,4
HARPIA_20160129_060000.wav,3.215,-4.383333333,-3.273,8.165,11.80333333,2.045,0,2,4
HARPIA_20160129_061500.wav,1.535,-2.6,-3.155,5.36,5.363333333,0.574,0,2,4
HARPIA_20160129_063000.wav,1.29,-2.75,-2.372,5.135,6.456666667,1.195,0,2,4
HARPIA_20160131_054500.wav,1.185,-3.736666667,-2.354,6.965,7.856666667,1.226,0,2,4
HARPIA_20160131_060000.wav,3.26,-3.24,-2.438,7.565,3.35,0.436,0,2,4
HARPIA_20160131_074500.wav,-1.605,-4.276666667,-3.693,9.915,5.896666667,2.938,0,2,4
HARPIA_20160201_054500.wav,1.835,-2.41,-2.29,4.675,2.35,-0.101,0,2,4
HARPIA_20160202_060000.wav,3.485,-3.293333333,-3.03,7.63,3.413333333,0.186,0,2,4
HARPIA_20160203_054500.wav,-0.635,-4.126666667,-2.908,7.7,6.173333333,2.075,0,2,4
HARPIA_20160203_060000.wav,1.82,-2.87,-2.799,5.96,1.953333333,-0.447,0,2,4
HARPIA_20160203_061500.wav,1.785,-2.7,-2.841,4.985,2.056666667,-0.425,0,2,4
HARPIA_20160203_073000.wav,0.475,-2.683333333,-2.217,4.905,2.393333333,0.462,0,2,4
HARPIA_20160204_061500.wav,-1.63,-3.513333333,-2.854,6.18,4.146666667,0.736,0,2,4
HARPIA_20170212_060000.wav,0.295,-4.55,-3.482,8.71,4.923333333,1.403,0,2,4
HARPIA_20170212_061500.wav,0.85,-4.13,-5.194,9.235,3.91,0.147,0,2,4
HARPIA_20170212_063000.wav,-0.715,-3.06,-2.506,4.815,3.93,1.149,0,2,4
HARPIA_20170212_070000.wav,0.245,-5.856666667,-3.781,6.125,4.96,1.164,0,2,4
HARPIA_20170212_071500.wav,-0.86,-5.12,-3.457,3.895,5.626666667,1.679,0,2,4
HARPIA_20170212_073000.wav,0.025,-3.996666667,-3.658,7.265,4.203333333,0.851,0,2,4
HARPIA_20170214_073000.wav,-1.275,-1.933333333,-0.629,1.51,1.826666667,1.013,0,2,4
HARPIA_20170215_054500.wav,0.63,-3.02,-2.047,6.595,2.966666667,1.501,0,2,4
HARPIA_20170215_061500.wav,-0.07,-4.73,-3.694,6.88,11.04666667,2.152,0,2,4
HARPIA_20170216_063000.wav,-0.275,-2.446666667,-1.446,3.465,3.403333333,1.276,0,2,4
HARPIA_20170216_080000.wav,-0.05,-2.473333333,-1.365,2.42,3.226666667,1.112,0,2,4
HARPIA_20170217_074500.wav,-1.85,-1.9,-0.969,2.18,1.843333333,1.227,0,2,4
HARPIA_20170217_080000.wav,0.28,-2.243333333,-1.451,3.51,2.273333333,0.396,0,2,4
HARPIA_20170218_060000.wav,-0.78,-1.98,-0.88,1.83,2.193333333,0.933,0,2,4
HARPIA_20170218_061500.wav,-1.115,-2.413333333,-1.296,2.225,2.243333333,0.885,0,2,4
HARPIA_20170219_054500.wav,0.285,-2.456666667,-1.468,3.47,4.85,1.634,0,2,4
HARPIA_20170219_061500.wav,0.31,-3.68,-2.22,4.68,5.07,1.196,0,2,4
HARPIA_20170220_054500.wav,0.43,-2.473333333,-2.107,3.67,2.266666667,0.265,0,2,4
HARPIA_20170220_060000.wav,1.455,-2.336666667,-2.566,4.58,3.613333333,0.411,0,2,4
HARPIA_20170220_061500.wav,1.46,-2.443333333,-2.068,4.25,3.19,0.449,0,2,4
HARPIA_20170220_080000.wav,0.895,-2.43,-2.087,3.83,3.313333333,0.155,0,2,4
HARPIA_20170221_054500.wav,2.85,-4.753333333,-2.476,8.11,4.3,1.265,0,2,4
HARPIA_20170221_060000.wav,2.615,-3.12,-2.754,8.055,3.173333333,-0.186,0,2,4
HARPIA_20170221_061500.wav,0.6,-2.79,-2.464,4.8,5.053333333,1.207,0,2,4
HARPIA_20170222_061500.wav,-1.875,-1.576666667,-0.445,0.53,1.676666667,0.981,0,2,4
HARPIA_20170224_054500.wav,0.79,-4.18,-2.549,6.44,4.433333333,1.24,0,2,4
HARPIA_20170224_060000.wav,-0.425,-3.543333333,-2.535,5.28,8.73,3.736,0,2,4
HARPIA_20170224_061500.wav,0.1,-2.276666667,-2.087,3.34,2.843333333,0.836,0,2,4
PUMA_20130303_060000.wav,0.86,-6.816666667,-3.991,5.155,5.743333333,1.947,0,2,4
PUMA_20130303_073000.wav,0.865,-6.57,-3.567,4.335,5.953333333,1.886,0,2,4
PUMA_20130303_074500.wav,1.11,-2.056666667,-1.331,2.885,1.39,0.128,0,2,4
PUMA_20130304_071500.wav,0.59,-1.783333333,-0.971,1.81,1.456666667,0.199,0,2,4
PUMA_20130304_073000.wav,0.595,-1.836666667,-0.968,1.815,1.486666667,0.227,0,2,4
PUMA_20130304_074500.wav,0.615,-1.74,-0.995,1.79,1.55,0.185,0,2,4
PUMA_20140205_060000.wav,0.86,-2.086666667,-1.291,5.105,3.673333333,1.131,0,2,4
PUMA_20140205_061500.wav,2.375,-2.743333333,-2.108,5.995,3.79,0.868,0,2,4
PUMA_20140206_060000.wav,2.18,-5.13,-3.175,7.335,6.633333333,1.513,0,2,4
PUMA_20140209_061500.wav,1.065,-2.12,-1.963,3.13,1.793333333,0.09,0,2,4
PUMA_20140213_060000.wav,1.47,-1.943333333,-1.697,3.465,1.36,-0.036,0,2,4
PUMA_20140213_061500.wav,1.355,-1.933333333,-1.993,3.435,1.363333333,1.04E-18,0,2,4
PUMA_20140214_054500.wav,0.89,-2.64,-1.61,4.2,1.86,0.841,0,2,4
PUMA_20140214_060000.wav,2.695,-2.04,-2.014,5.4,1.41,-0.339,0,2,4
PUMA_20150208_054500.wav,1.93,-2.546666667,-1.747,4.975,2.536666667,0.415,0,2,4
PUMA_20150208_060000.wav,1.81,-2.613333333,-2.937,5.5,3.903333333,0.373,0,2,4
PUMA_20150210_060000.wav,-2.55,-3.093333333,-2.399,4.295,2.466666667,1.318,0,2,4
PUMA_20150214_061500.wav,1.435,-2.463333333,-3.314,4.67,2.633333333,-0.208,0,2,4
PUMA_20150214_064500.wav,0.585,-3.45,-2.698,4.91,3.56,0.462,0,2,4
PUMA_20150214_070000.wav,1.2,-2.76,-2.287,4.31,2.216666667,0.142,0,2,4
PUMA_20150214_073000.wav,1.71,-2.633333333,-2.436,5.695,2.973333333,0.042,0,2,4
PUMA_20150216_061500.wav,-0.035,-2.87,-3.721,6.51,3.443333333,0.865,0,2,4
PUMA_20150216_063000.wav,-4.055,-6.386666667,-3.445,5.655,12.52,5.687,0,2,4
PUMA_20150217_054500.wav,0.34,-2.196666667,-1.56,2.165,2.036666667,0.256,0,2,4
PUMA_20150218_054500.wav,0.125,-2.52,-1.9,3.665,3.006666667,0.75,0,2,4
PUMA_20150219_060000.wav,1.64,-2.353333333,-2.546,4.535,2.08,-0.088,0,2,4
PUMA_20160210_064500.wav,-0.965,-2.856666667,-1.327,1.78,4.353333333,1.837,0,2,4
PUMA_20160210_073000.wav,-0.255,-2.143333333,-1.134,2.22,1.88,0.625,0,2,4
PUMA_20160210_074500.wav,-1.445,-2.47,-2.243,3.36,2.06,1.012,0,2,4
PUMA_20160212_063000.wav,-0.705,-2.076666667,-1.648,2.29,2.123333333,0.667,0,2,4
PUMA_20160213_064500.wav,-0.45,-3.333333333,-3.293,4.085,4.063333333,0.985,0,2,4
PUMA_20160214_054500.wav,0.795,-2.663333333,-1.933,3.84,3.136666667,0.413,0,2,4
PUMA_20160214_060000.wav,0.655,-3.133333333,-2.973,4.695,3.686666667,0.414,0,2,4
PUMA_20160215_054500.wav,-0.01,-2.133333333,-1.604,3.905,2.673333333,0.467,0,2,4
PUMA_20160215_060000.wav,0.375,-2.303333333,-1.731,3.805,2.483333333,0.486,0,2,4
PUMA_20160215_061500.wav,-0.335,-2.32,-1.602,2.915,2.4,0.603,0,2,4
PUMA_20160215_071500.wav,-0.95,-2.493333333,-1.879,2.38,2.316666667,0.854,0,2,4
PUMA_20160223_054500.wav,-0.9,-4.376666667,-3.198,5.28,5.076666667,1.966,0,2,4
PUMA_20160223_063000.wav,-0.78,-4.1,-3.303,7.09,5.653333333,2.353,0,2,4
PUMA_20160225_063000.wav,0.14,-3.766666667,-2.213,3.68,4.313333333,1.104,0,2,4
PUMA_20170213_054500.wav,1.83,-2.84,-2.723,5.635,3.583333333,-0.044,0,2,4
PUMA_20170213_060000.wav,3.21,-3.843333333,-2.933,8.21,2.78,-0.135,0,2,4
PUMA_20170213_061500.wav,1.475,-2.426666667,-2.917,4.86,3.376666667,0.481,0,2,4
PUMA_20170217_061500.wav,0.175,-2.496666667,-2.617,2.715,2.033333333,0.039,0,2,4
PUMA_20170219_060000.wav,-0.205,-3.536666667,-2.209,5.13,3.593333333,0.94,0,2,4
PUMA_20170219_061500.wav,0.4,-3.03,-2.201,4.63,3.32,0.785,0,2,4
PUMA_20170219_063000.wav,-0.74,-4.273333333,-2.005,4.33,4.426666667,1.794,0,2,4
PUMA_20170219_064500.wav,-1.135,-2.123333333,-1.248,3.9,3.6,1.24,0,2,4
PUMA_20170219_071500.wav,-0.405,-2.98,-1.531,3.405,3.233333333,1.109,0,2,4
PUMA_20170219_074500.wav,0.44,-3.93,-2.068,4.57,3.293333333,0.811,0,2,4
PUMA_20170221_054500.wav,-1.21,-2.83,-1.544,3.315,6.18,2.012,0,2,4
PUMA_20170221_060000.wav,0.535,-2.486666667,-1.702,3.265,2.663333333,0.696,0,2,4
PUMA_20170221_061500.wav,-0.41,-2.573333333,-2.656,3.105,2.366666667,0.788,0,2,4
PUMA_20170221_074500.wav,0.495,-2.32,-1.657,2.86,2.03,0.986,0,2,4
PUMA_20170224_054500.wav,-0.35,-3.61,-1.928,2.26,4.47,1.374,0,2,4
PUMA_20170224_060000.wav,-3.21,-6.23,-2.762,4.405,14.15666667,3.791,0,2,4
PUMA_20170224_061500.wav,-0.235,-3.933333333,-2.364,5.11,3.326666667,0.628,0,2,4
PUMA_20170224_063000.wav,-0.52,-2.27,-1.598,2.855,1.943333333,0.448,0,2,4
HARPIA_20150218_071500.wav,-1.665,-3.95,-2.603,7.49,6.876666667,2.265,0,2,NA
HARPIA_20150218_073000.wav,-4.375,-4.753333333,-2.485,7.3,13.67333333,4.795,0,2,NA
HARPIA_20160126_073000.wav,1.91,-3.886666667,-3.021,7.04,4.126666667,0.279,0,2,NA
HARPIA_20170213_070000.wav,0.29,-9.166666667,-4.272,10.925,8.62,5.467,0,3,3
HARPIA_20150217_061500.wav,0.81,-2.31,-2.862,5.35,2.686666667,0.09,0,3,4
HARPIA_20160127_054500.wav,1.215,-3.55,-3.143,9.995,4.346666667,0.553,0,3,4
HARPIA_20160203_071500.wav,-2.745,-4.77,-2.856,4.015,6.616666667,2.232,0,3,4
HARPIA_20170213_064500.wav,-0.185,-6.356666667,-3.689,11.305,7.143333333,4.071,0,3,4
HARPIA_20170217_071500.wav,-1.265,-4.81,-3.057,4.15,6.21,2.049,0,3,4
HARPIA_20170223_074500.wav,-0.585,-3.07,-1.658,3.01,3.726666667,2.819,0,3,4
PUMA_20130302_060000.wav,-2.335,-10.42666667,-5.679,6.19,12.24,4.507,0,3,4
PUMA_20130302_061500.wav,0.385,-7.693333333,-4.067,5.21,7.72,2.927,0,3,4
PUMA_20140206_054500.wav,1.06,-3.033333333,-2.664,5.245,4.036666667,1.201,0,3,4
PUMA_20140207_061500.wav,1.94,-3.076666667,-2.445,6.43,4.636666667,1.06,0,3,4
PUMA_20150208_063000.wav,-2.71,-4.68,-2.638,3.33,10.66666667,2.789,0,3,4
PUMA_20150208_064500.wav,-2.435,-4.983333333,-2.07,4.95,5.563333333,4.176,0,3,4
PUMA_20150219_073000.wav,-0.985,-3.586666667,-2.057,3.255,5.406666667,3.395,0,3,4
PUMA_20160223_060000.wav,2.11,-3.126666667,-2.573,6.06,3.873333333,1.806,0,3,4
PUMA_20170219_070000.wav,-1.82,-3.236666667,-1.712,3.02,4.616666667,2.079,0,3,4
PUMA_20170219_073000.wav,-0.43,-3.113333333,-1.715,3.54,2.963333333,1.088,0,3,4
